affiliation,count
Jr,6977
III,1862
II,841
Princeton,574
IV,351
LaBRI,284
V,280
"IAS, Princeton",144
FINCA,116
jr,98
Utrecht,66
Jefferson Lab,66
Sterrewacht Leiden,51
IGPP/LLNL,46
Princeton U,44
GIPSA-lab,43
Microsoft Research,36
IGM-LabInfo,33
IBM Research,32
LINCS,27
Rutherford Appleton Lab,26
Lab-STICC,23
Alabama,21
Bell Labs,19
"The-Origin Foundation, Inc",19
U. Utrecht,18
I,16
"Microsoft
  Research",15
Sr,15
"INRIA Bordeaux - Sud-Ouest, LaBRI",14
AT&T Research,14
"LaBRI, INRIA Bordeaux - Sud-Ouest",13
"MUONS Inc., Batavia",13
Berkeley Lab,11
IJCLab,11
"Sterrewacht
  Leiden",10
IBM Research Division,10
AT&T Bell Laboratories,10
Rutherford Lab,10
"LLNL, Livermore",9
Cincinnati,9
"LIP6, LINCS, IUF",9
"ITP, Utrecht",9
JR,8
Utrecht U,8
Independent Researcher,8
Iii,8
Bell Laboratories,8
Toshiba Corporation,8
"Bell Labs, Murray Hill, NJ",8
Duke U. & Jefferson Lab,7
i,7
G2ELab,7
"GIPSA-lab, LJK",7
U Utrecht,7
FiME Lab,7
"LaBRI, UB",7
PREMEDICAL,7
"IAS,
  Princeton",7
Princeton/Catolica,7
AT&T Bell Labs,7
Chalk River Laboratories,7
U. of Cincinnati,7
Naval Research Lab,6
"SRON, Utrecht",6
"Ahmedabad, Phys. Res. Lab",6
"Centaur Technology, Inc",6
"NPA, LINCS",6
ICLAB,6
"Meta
  Platforms, Inc",6
IGPP/LLNL and Leiden,6
U. Cincinnati,6
"A2X, LaBRI",5
IAS Princeton,5
"LaBRI, IUF",5
"INRIA Bordeaux - Sud-Ouest,
  LaBRI",5
U. of Alabama,5
Intel Corporation,5
"LIP6, LINCS",5
"LaBRI, IRIT",5
Prince Songkla U,5
"Meta Platforms, Inc",5
"ODYSSEY, IMT Atlantique - MEE, Lab-STICC\_OSE",5
"Bell Laboratories, Lucent
  Technologies",5
"AT&T Bell
  Laboratories",5
NEC Research,5
"Bell Labs, Murray Hill NJ",5
"NCTS, Hsinchu",4
"Aachen, Tech. Hochsch",4
Yahoo! Research,4
"LaBRI, INRIA Bordeaux -
  Sud-Ouest",4
Ames Lab,4
U. of Utrecht,4
fortiss GmbH,4
"Potioc, LaBRI",4
"NPA, IUF, LINCS",4
AT&T Labs Research,4
Princeton/CCA,4
"UFRGS, Polytech'Lab, IRIT",4
NOIRLab,4
"LaBRI, MPI-EVA, UB",4
Quantinuum Ltd,4
"IUF, LaBRI, UB",4
LabHC,4
"IAS, Princeton NJ",4
"Sterrewacht Leiden, The Netherlands",4
"Bell Laboratories, Lucent Technologies",4
Princeton/Tokyo,4
"Princeton, IAS",4
DFKI GmbH,4
Schlumberger Cambridge Research,4
Corning Inc,4
LABSAD,4
Bogoliubov Lab Dubna,4
Jefferson Lab and Hampton U,4
"Hewlett-Packard Labs, Bristol",4
"LAB, Oasu, L3ab",3
Aerospace Corp,3
JIVE/Sterrewacht Leiden,3
AT&T Labs-Research,3
HP Labs,3
CHSPAM,3
LLNL and UC Davis,3
"PGP, LTDS",3
"Yahoo!
  Research",3
"LINCS, INRIA Rocquencourt",3
"Le2i, BIT Lab",3
"INRIA Bordeaux -
  Sud-Ouest, LaBRI",3
Google Research,3
BIT Lab,3
U. Alabama,3
"Muons, Inc",3
"FiME Lab, IMPA",3
SSL/UCB and LLNL,3
"INRIA
  Bordeaux - Sud-Ouest, LaBRI",3
"FINCA, Turku",3
"LaBRI, Potioc",3
"Oracle
  Labs, Austria",3
"Oracle Labs, Austria",3
NEC Corporation,3
High Energy Accelerator Research Organization,3
SRON Utrecht,3
"PARIETAL, IJCLab",3
"Jefferson
  Lab",3
"Jefferson Lab, USA",3
NSF's NOIRLab,3
"Lab-STICC\_OSE, IMT Atlantique - MEE",3
"Snap, Inc",3
"UC Berkeley, Princeton",3
"IMT Atlantique - MEE, Lab-STICC\_OSE, ODYSSEY",3
Arm Inc,3
LAAS-MINC,3
MarsLab,3
Mitsubishi Electric Research Laboratories,3
"CoGenTex, Inc",3
AT&T Labs - Research,3
"Bell
  Labs",3
Sandia,3
"Jefferson Lab &
  Old Dominion U",3
"UPittsburgh,JLab",3
AT&T Labs,3
"Adequest Corporation, Brampton, ON Canada",3
B612 Foundation,3
FRC/IRH & A.Friedmann Lab,3
Aerospace Corporation,2
ICE-Barcelona/Princeton,2
Princeton/OCIW,2
"LAB, L3ab, Oasu",2
Air Force Research Lab,2
LLNL/IGPP,2
Princeton/CMSO,2
"SGT, Inc",2
NMSU/Jefferson Lab,2
Hampton U. & Jefferson Lab,2
"Sarnoff
  Corp",2
Google Inc,2
Duke/JLab,2
"CoreLabs, Core Security Technologies",2
Vincent,2
UC Davis and IGPP/LLNL,2
III-V Lab,2
"Google, Inc",2
Microsoft Research India,2
"Microsoft Research
  India",2
"INRIA Rocquencourt, LINCS",2
"LaBRI, INRIA Bordeaux - Sud-Ouest, IUF",2
"CITA, Princeton",2
LaserLaB,2
"Microsoft Research, Redmond",2
"Euclid Techlabs, Solon",2
"MPE-ENSMSE, LTDS-ENSMSE",2
"MUONS
  Inc., Batavia",2
"parcIT GmbH, K\""oln, Germany",2
Fujitsu Laboratories,2
"Microsoft Research,
  Cambridge, UK",2
Jefferson Lab & Old Dominion U,2
ABB Corporate Research,2
"LINCS, NPA",2
"Microsoft Research, Redmond, WA, USA",2
Thales Research and Technology,2
Intel Corp,2
"LTCI, LINCS",2
W&M and JLab,2
"LINCS, GANG",2
HKS (JLab E05-115,2
"fortiss GmbH, Munich, Germany",2
Samsung Research America,2
"John Snow, Inc",2
MIT Media Lab,2
"Prince
  Songkla U",2
HEP Software Foundation,2
VMware Research,2
"LINCS, INFRES",2
Hampton U. and Jefferson Lab,2
"LCPO, INC",2
"UFRGS, Polytech'Lab,
  IRIT",2
"Dimtel, Inc",2
IAS/Princeton/OCIW,2
NVIDIA Corporation,2
"Cambridge Quantum
  Computing Ltd",2
Cambridge Quantum Computing Ltd,2
Bose Corporation,2
FRONTlab,2
"EDF, FiME Lab, EDF R&D",2
BNPP CIB GM Lab,2
LabTAU,2
ANTHROPO-LAB,2
NSF OIR Lab,2
Lab-STICC_SI3,2
"Snap,
  Inc",2
"EDF R&D, FiME Lab",2
"IJCLab, CNAM",2
LABISEN-KLAIM,2
Hashberg Ltd,2
"EDF R&D PRISME, SINCLAIR AI Lab, LPSM",2
"EDF R&D PRISME, SINCLAIR AI Lab, IMT, GdR MASCOT-NUM",2
"ODYSSEY, IMT Atlantique - MEE,
  Lab-STICC\_OSE",2
"Sterrewacht Leiden, the Netherlands",2
"EDF R&D PRISME, IMT, SINCLAIR AI Lab",2
White Dwarf Research Corporation,2
"IJCLab, Orsay",2
independent researcher,2
RCHST,2
"UB, LaBRI, MANAO",2
"GIPSA-lab, LIG",2
"Physical Research Lab, India",2
TechSep,2
"IMT Atlantique - MEE, Lab-STICC\_OSE",2
Nokia Bell Labs,2
"Haltia, Inc",2
"PREMEDICAL, IDESP",2
INCT-SC,2
"LAAS-MINC, Toulouse INP",2
"High Energy Accelerator Research
  Organization",2
"INSA Toulouse, LAAS-MINC",2
Allora Foundation,2
m\'edialab,2
"Defense Sector, BlueHalo, LLC",2
Orbital Sciences Corporation,2
Leiden & IGPP/LLNL,2
IGPP/LLNL and UCD,2
Wollongong,2
U.C. Davis/LLNL,2
Rutgers & Princeton,2
UCLA/Princeton,2
MIT Lincoln Lab,2
"Bell Laboratories,
  Lucent Technologies",2
SRON-Utrecht,2
Princeton/NAO,2
"Sterrewacht Leiden, NL",2
Mitre Corp,2
U Wollongong,2
U.C. Davis & IGPP/LLNL,2
ESO/Utrecht,2
"Princeton, Cornell",2
UC Davis/LLNL,2
PRINCETON,2
"Sterrewacht, Leiden",2
U. Amsterdam & U. Alabama,2
"Bell
  Laboratories, Lucent Technologies",2
LLNL/UC Davis,2
"Princeton, Physics",2
"IAS,Princeton",2
"IAS, Princeton, USA",2
"AT&T Bell Laboratories, Murray Hill NJ",2
"AT&T Bell Laboratories, Murray Hill, NJ",2
"NTT Basic Research
  Laboratories",2
"DFKI GmbH,
  Saarbruecken, Germany",2
"Hewlett
  Packard Laboratories",2
Bellcore,2
Fujitsu Laboratories Ltd,2
AT&T Labs -- Research,2
Lucent Technologies Bell Labs,2
MITRE Corporation,2
"Graduate Aeronautical Laboratories,
  Caltech, Pasadena, CA",2
"ITF, Utrecht",2
D-Wave Systems Inc,2
Oak Ridge Natl Lab,2
Risoe Natl Lab,2
NTT Basic Research Laboratories,2
"TIFR, Colaba, Mumbai, India",2
"IAS Princeton, FU-Berlin",2
AT\&T Bell Labs,2
Philips Research Laboratories,2
"ITF Utrecht, the Netherlands",2
"U. of Cincinnati,
  OH",2
"HP Labs, Palo Alto",2
SIEP Research and Technical Services,2
"First Principles Research, Inc",2
NBI Copenhagen and U. Utrecht,2
"U. Utrecht,
  RWTH Aachen",2
"IAS, Princeton, U.S.A",2
South Alabama,2
"D-Cubed Ltd, Cambridge",2
LABRI,2
LaBAG,2
Qualcomm Inc,2
Bridge Corp,2
"PRI Research and Development Corp., Kirkland,
  WA",2
UT-Austin and LLNL,2
Sarnoff Corporation,2
Barringer Ltd,2
"NEC
  Laboratories America, Inc",2
INFORMATIQUE WGZ INC,1
Jefferson Lab & William-Mary Coll,1
"Industrial Research Ltd., Lower Hutt, New Zealand",1
"INT, INCM",1
"IMS, LAB",1
APC/Princeton,1
Penn/Princeton,1
"Arcelor
  Research",1
Arcelor Research,1
"Baylor U. &
  Princeton U",1
ICE & Princeton,1
UC Davis / LLNL,1
CITA/Princeton,1
ARCELOR Research,1
"U. Henri Poincare-Nancy
  1",1
"GIPSA-lab, LPN",1
"Muons Inc, Batavia, IL",1
"SGT Inc., USA",1
RACE LAB,1
"CRAL, Lab",1
"INRIA Futurs, Labri",1
LAB-Upc,1
Princetone,1
"RACE
  LAB",1
"Zurich U., Aachen Tech. Hochsch",1
"Lab-Sticc Umr 3192, Lemel",1
SIMLab,1
Symbram LLC,1
"The Physical and Chemical
  Research Organization",1
"IGM, IGM-LabInfo",1
"Dynetics, Inc/NSSTC",1
"HISKP-Bonn, FZ-Juelich,
  EBAC-JLab",1
"LAB, OASU",1
"Princeton, Oxford",1
Antennas Research Group RGA at DUTh,1
"Sensing and Processing Across
  Networks Lab",1
"Innolume GmbH, Dortmund, Germany",1
"LSS, IGM-LabInfo",1
"Fluent Inc, Evanston IL",1
"The
  Dow Chemical Company, Freeport, TX",1
"The Dow Chemical Company, Freeport, TX",1
"Knipp GmbH, Germany",1
"LABEST, Galcit",1
"LaBRI, Inria Futurs",1
"Air Force Research
  Lab",1
The Aerospace Corporation,1
"Jefferson Lab, William-Mary
  Coll",1
"Polymagnet LLC, Moscow, Russia, AMT&C Group",1
"Utrecht, McGill",1
"U. of Prince Edward
  Island",1
"U.
  Cincinnati, OH",1
NEC Princeton,1
for the H1 Collabortion,1
General Motors Research,1
"CoreLabs, ITBA",1
TOME R & D Inc,1
"Samsung Inc., Israel",1
"LABPSYLOR, L2P",1
IPP-Hurray! Research Group,1
"Calabria U., Cosenza",1
UCL/Zeeko Ltd,1
LABOPHYT,1
"LaBRI, INRIA Futurs",1
"UPT, LAB",1
"LAB, IPAAL",1
NRL/Interferometers inc,1
"Utrecht, Monash",1
"NEEL, G2ELab",1
"LLNL,
  Livermore",1
for the Pierre Auger Colaboration,1
"Jefferson Lab & William-Mary
  Coll",1
UAB & Princeton,1
"Aerospace Solutions, LLC",1
STScI - Inaf/CT - SN Ltd - Icranet,1
Hampton and JLab,1
IBM TJ Watson Research,1
Sierra Nevada Corporation,1
"UFRJ - Observatorio do Valongo, Brazil",1
"Global Science and Technologies, Inc",1
"Muniz
  Engineering, Inc",1
"Sigma Space, Inc",1
"Conceptual Analytics, LLC",1
"WVU, NRAO,
  Alfred P. Sloan Research Fellow",1
"Eureka
  Scientific, Inc",1
ATT Labs-Research,1
"Physics,
  NTHU, Hsinchu, Taiwan",1
"NSRRC, Hsinchu, Taiwan",1
"Raicol Crystal LTD, Yehud, Israel",1
"LJK,
  GIPSA-lab",1
"Bonn U., HISKP & Jefferson Lab",1
Sterrewacht Leiden/ JIVE,1
for the DINGO team,1
"CONICET, LabOp",1
USNO & Nvi Inc,1
Linklab,1
"5- Interactive
  Supercomputing, Inc",1
Fraunhofer UMSICHT,1
"Lab-Sticc, ST Microelectronics",1
Lab-Sticc,1
"Princeton and
  KwaZulu-Natal",1
Princeston,1
"SRON, Utrecht, NL",1
"LaBRI, PIMS",1
"LJK, GIPSA-lab",1
"ASCOLA Research Team (Mines de Nantes-INRIA, LINA",1
"ASCOLA Research Team
  (Mines de Nantes-INRIA, LINA",1
"NTT Basic
  Research Laboratories",1
"LaBRI, LIGM",1
"Toronto,
  Princeton",1
"1 - IKI, Moscow, 2 - Excellence
  Cluster, Garching, 3 - SAAO, 4 - Southern African Large Telescope Foundation,
  5 - MPA, Garching",1
"CFHT Corporation, Kamuela, HI, USA",1
"LaBRI, LRI",1
"IRMA, Lab-STICC, INRIA Lorraine / IECN / LSIIT / IRMA",1
"Thales Research and
  Technology",1
U Ljubljana and U Cincinnati,1
"Amsterdam
  & Utrecht",1
"Koninklijke Sterrenwacht van Belgi\""e",1
"INRIA Saclay - Ile de France, ECS-Lab",1
History of Science Utrecht,1
"Science Systems and Applications, Inc",1
"Lab-STICC, INRIA Lorraine
  / IECN / LSIIT / IRMA",1
"Microsoft Research, USA",1
"FINCA, KIS",1
"1 - MIPT, 2 -
  Princeton",1
"Princeton, Cambridge",1
IBM Research--Almaden,1
Aleph One LLC,1
"Dep.
  Astrophysical Sciences, Princeton",1
Post-Doctoral Researcher TU Darmstadt,1
"RIT, Princeton",1
"Stellingwerf Consulting, Huntsville, Alabama",1
LABPSYLOR,1
"MPE-ENSMSE, LTDS-ENMSE, D2BM-ENSMSE,
  IFRESIS-ENSMSE, CIS-ENSMSE, LCG-ENSM.SE",1
LTDS-ENMSE,1
"Ahmedabad, Phys. Res.
  Lab",1
"IT Planning Inc., Japan",1
"Lab-STICC, INRIA Nancy - Grand Est / IECN / LSIIT / IRMA",1
"Lab-STICC, INRIA Lorraine, IECN, LSIIT, IRMA",1
"SPCSI, PGP, LTDS",1
"Intel
  Corporation",1
"Princeton, U of Michigan",1
"Hamburgische
  Schiffbau-Versuchsanstalt",1
INRIA-Microsoft Research,1
"Utrecht
  U",1
"MUONS Inc.,
  Batavia",1
"Princeton, UT Austin",1
INRIA - Microsoft Research,1
"LaBRI, INRIA
  Bordeaux - Sud-Ouest",1
Giesecke and Devrient GmbH,1
"Istituto Nazionale
  di Fisica, Nucleare Laboratori Nazionali di Frascati, Frascati, Italy",1
"Shimizu
  Corporation",1
Research Organization for Information Science and Technology,1
Shimizu Corporation,1
Milan Bicocca U. and TERA Foundation,1
Tencent Inc,1
"Siemens Corporate Research and
  Technology",1
Microsoft Research Cambridge,1
Yahoo! Labs,1
NEC Laboratories America,1
IBISC Lab,1
Marshfield Clinic,1
HKS (JLab E01-011,1
"BIT Lab, LJK",1
"BIT Lab, Le2i",1
BESIII Colaboration,1
U of Cincinnati,1
"Advanced
  Magnet Lab- Palm Bay FL USA",1
"Collab. of CFIF, IST, Lisbon",1
"Mpe-Ensmse, Sms-Ensmse, Ltds-Ensmse",1
"Princeton, CMU",1
Princeton/CfA,1
"Microsoft
  Research Cambridge, UK",1
Fortiss GmbH,1
"INRIA Paris-Rocquencourt,LIAFA,LINCS",1
LAB-IT06,1
"Hitachi, Ltd",1
"Hitachi Advanced Digital,
  Inc",1
"Hitachi Advanced Digital, Inc",1
"Hitachi Automotive Systems, Ltd",1
"NEC Laboratories America, Princeton",1
"NBI, StarPlan, FINCA",1
"Helsinki, FINCA",1
"STIC, Lab-STICC",1
"Princeton
  U./Columbia U",1
"LaBRI,
  INRIA Bordeaux - Sud-Ouest",1
"Microsoft Research, Cambridge,
  UK",1
Janelia Farm Research Campus-HHMI,1
"LTDS-ENSMSE, SMS-ENSMSE",1
STMicroelectronics Inc,1
"STMicroelectronics
  Inc",1
"Microsoft Research, Cambridge, UK",1
"Microsoft FUSE Labs, Cambridge, UK",1
"ONERA The French Aerospace Lab, Toulouse",1
"PetPace LTD, Israel",1
"INRIA Grenoble Rh\^one-Alpes / Gipsa-lab, GIPSA-lab",1
"Microsoft Research, Redmond, USA",1
"Bell Labs, Alcatel-Lucent",1
"INRIA Bordeaux - Sud-Ouest, GIPSA-lab",1
LabMIA,1
"Honourcode, Inc",1
Grandata Labs,1
SNSI Denmark/LLNL,1
HASLab,1
Helio Research,1
"INRIA Bordeaux -
  Sud-Ouest, GIPSA-lab",1
"GIPSA-lab, LPNC",1
"LaBRI, UFPR",1
"MTA-ELTE Geometric and Algebraic Combinatorics
  Research Group",1
"Muons, Inc., USA",1
"Sorlox
  Corporation",1
Near Space Corporation,1
"AeroVironment, Inc",1
LAB Bordeaux/France,1
"LAB
  Bordeaux/France",1
hMetrix LLC and Virginia Tech,1
LLNL/Berkeley,1
"ABB Corporate Research, Ladenburg, Germany",1
"ABB Corporate Research, Baden-D\""attwil, Switzerland",1
"LABORES Paris, France",1
Thales Research & Technology,1
"NCTS,
  Hsinchu & Taiwan, Natl. Tsing Hua U",1
"GrammaTech, Inc",1
DTU Denmark and LLNL,1
"Thales
  Research and Technology",1
"UKZN, Princeton",1
"LUSSI, Lab-STICC",1
Yahoo Labs,1
"Strategic CAD Labs, Intel Corporation",1
"Janelia Farm Research
  Campus- HHMI",1
<semantics/> GmbH,1
UC Berkeley and LLNL,1
"ICJ, GIPSA-lab",1
Intel Strategic CAD Lab,1
"Strategic CAD Labs, Intel",1
Intel Technologies Ind Pvt Ltd,1
"Intel Technologies Ind
  Pvt Ltd",1
"Yahoo! Research Barcelona, Spain",1
Cray Corporation,1
Convey Corporation,1
"Shimizu
  Corp",1
"CERV, Lab-STICC",1
"CERV,
  Lab-STICC",1
Independent researcher,1
"Dreebit GmbH,
  Dresden",1
"Dreebit GmbH, Dresden",1
aicas GmbH,1
LUNA collab,1
AREVA GmbH,1
"HHMI Janelia
  Research Campus",1
"LTDS, ILM",1
"Onera, The French Aerospace Lab",1
"LAB'URBA, MSC",1
LAB'URBA,1
"FINCA, NBI, StarPlan",1
"Muons Inc., Batavia",1
Iv,1
"MUONS,
  Inc., Batavia",1
"Euclid TechLabs,
  Solon",1
White Dwarf Research Corp,1
"INRIA Paris-Rocquencourt,LABEX Memolife,CIRB",1
EMC Corporation,1
Merck Research Laboratories,1
"Komatsu
  Ltd., Japan",1
"ABB Corporate Research,
  Bangalore",1
"ABB Corporate Research, Bangalore",1
"LaBRI, Bordeaux",1
"Google Inc, Zurich",1
"LINCS, UPMC, LIP6, NPA",1
"IUF, LINCS, UPMC, LIP6, NPA",1
MIDLAB,1
"MIDLAB, NPA",1
Theory and Practice of Software Ltd,1
"VIPLAB, LIGM",1
"UB, LaBRI, INRIA Bordeaux - Sud-Ouest",1
"UB,
  LaBRI, INRIA Bordeaux - Sud-Ouest",1
"NPA,
  LINCS, IUF, LIP6",1
Systemware Innovation Corporation,1
"Systemware Innovation
  Corporation",1
"LINCS, DYOGENE",1
"Euclid
  TechLabs, Solon",1
"NPA, LINCS,
  IUF, LIP6",1
ESG Elektroniksystem- und Logistik GmbH,1
for the PHENIX Collaboartion,1
"IPGS, Henri Poincare Group of Complex Systems",1
Henri Poincare Group of Complex Systems,1
"Henri Poincare Group of
  Complex Systems",1
"Centaur
  Technology, Inc",1
"SRON Utrecht, The Netherlands",1
RINCE,1
"UB, LaBRI, Potioc",1
Planetary Resources Inc,1
Type Inferred Ltd,1
"GANG, LIAFA, LINCS",1
U. Calabria,1
"GANG,
  LINCS",1
"Benin, IMSP & Natitingou U",1
"CELLS - ALBA, LLS, CNAO Foundation, Pavia",1
"GANG, LINCS",1
"NPA, LIP6, UPMC, LINCS",1
"Potioc, LaBRI, UB",1
"LINCS,
  NPA, IUF",1
"UL, Heudiasyc, Labex MS2T",1
"Heudiasyc,
  Labex MS2T, UON",1
"Labex MS2T, Heudiasyc",1
"SRON, Utrecht, Netherlands",1
"SRON,
  Utrecht, Netherlands",1
Detroit Diesel Corporation,1
"Samsung Electronics, Company,
  Ltd",1
Averisera Ltd,1
"CQSE GmbH, Munich, Germany",1
"DTIM, UFT, Onera - The French Aerospace Lab",1
Bio-AFM-Lab,1
"Visidyne, Inc",1
"NPA, IUF,
  LINCS",1
"FiME Lab, EDF R and D",1
"Cavendish
  Lab",1
"Princeton
  and Nevada",1
California Data Collaborative,1
"California Data
  Collaborative",1
EMS Safety Foundation,1
"IRIF, LINCS, GANG",1
"IBM Watson Research
  Ctr",1
Telefonica Research,1
ARGO Labs,1
Enigma Technologies Inc,1
"Enigma
  Technologies Inc",1
Small Data Lab @ Cornell Tech,1
"Small Data Lab @ Cornell
  Tech",1
"Small Data
  Lab @ Cornell Tech",1
HASLab INESC TEX,1
"HASLab INESC
  TEC",1
"MIT
  Media Lab",1
for the ATLAS and CMS Colaborations,1
"Planetary
  Resources, Inc",1
Lillie Consulting LLC,1
"Icfai Foundation for Higher Education, Hyderabad,
  India",1
"semantics GmbH, DE",1
"ITEP and MIPT, Moscow and Princeton U",1
"HASLab, INESC TEC",1
"Air Force
  Research Lab",1
"Raincode Labs, Belgium",1
JWK Corporation,1
"Vantage Partners, LLC",1
"JWK
  Corporation",1
"Vantage Partners,
  LLC",1
"Ensta Bretagne, Lab-Sticc",1
ARM Ltd,1
LAB-France,1
"Space Sciences, Technologies, and Astrophysics Research
  (STAR",1
"Labortoire IBISC, UEVE and IRIT Toulouse",1
CWI and ILLC,1
Forrester Research,1
IBM Research - India,1
"IBM Research -
  India",1
BMW Car IT GmbH,1
UNICEF Office of Research,1
"UNICEF
  Office of Research",1
Impact Lab,1
"LAB-Bordeaux, France",1
"Software Languages Lab, Belgium",1
"NEC
  Corporation",1
"NEC Corporation, NEC Space Technologies, Ltd",1
"NEC Space
  Technologies, Ltd",1
"NEC Space Technologies, Ltd",1
Searchmetrics GmbH,1
Yahoo Japan Corporation,1
"Fuji Xerox Co., Ltd",1
NaverLabs Europe,1
Labex MS2T,1
"Chatenay-Malabry, Ecole Centrale",1
"CCA, Princeton",1
BESIII Collabration,1
"BESIII
  Collabration",1
"Laborat\'orio de F\'isica
  Te\'orica e Computacional, LFTC, UCS",1
UAlabama,1
"GANG,
  IRIF, LINCS",1
"Oracle Labs, United Kingdom",1
"Oracle Labs, Switzerland",1
"Continental Automotive
  GmbH, Germany, Germany",1
"IMT Atlantique, Lab-STICC",1
"Istituto Nazionale di Fisica Nucleare, Laboratori
  Nazionali del Sud, Catania, Italy",1
"IBM Research, USA",1
"NPA, LIP6, LINCS",1
Elsevier Labs,1
Pitney Bowes Software India Pvt. Ltd,1
for the STAR Collabortion,1
"ITA UiO, Stitch Fix Inc",1
"LaBRI, IMB",1
"Physical Research Lab, Navrangpura, Ahmedabad, India",1
"3 nGimat
  LLC, Lexington, KY",1
"4 Bruker OST LLC, Carteret, NJ, 07008, USA",1
"Lab-STICC, Lab-STICC",1
"LaBRI, BioInfo - LRI",1
"Potioc, CRNL, LaBRI",1
"Kestrel Technology LLC, Palo Alto, CA (USA",1
"Centaur Technology, Inc., Austin, TX (USA",1
"Lab-STICC, IMT Atlantique",1
"Software
  Safety and Security Lab, France",1
"Gentner Lab, UC San Diego",1
"HEP
  Software Foundation",1
xorlab,1
"LINCS, MIMOVE, NPA",1
"EDF, FiME Lab",1
"LaBRI,
  UB",1
"NPA, LINCS, LIP6",1
"LIP6, NPA, UPMC, LINCS, MIMOVE",1
Princeton/Flatiron,1
U. Alabama Huntsville,1
"Praxis, Inc",1
Meshcapade GmbH,1
"MEDIALAB, CIS",1
"Twitter, Inc",1
"Potioc, LaBRI, Bordeaux INP",1
The Origins Project Foundation,1
The MITRE Corporation,1
"The MITRE
  Corporation",1
"SU, LIP6, NPA, LINCS",1
The Tibet ASgamma ollaboration,1
"GANG, IRIF, LINCS, UPD7",1
Galois Inc,1
Computer Graphics Lab TU Braunschweig,1
MPI for Solar system research,1
"Princeton and Carnegie
  Observatories",1
"NEO
  Sciences, LLC",1
"MIT, Lincoln Labs",1
"LSST Corporation Director for
  Science",1
"Princeton, LSST Science Advisory Committee",1
"EDF, FiME
  Lab",1
"NOAO
  Data Lab Team",1
U Calabria,1
"Magic Leap, Inc",1
Maana Inc,1
"LINCS, LTCI",1
Fermi Lab,1
LabSIC,1
"Lab-STICC, IMT Atlantique - INFO",1
"Lab-STICC, IMT
  Atlantique - SC",1
"Akvelon, Inc",1
"The
  Pooled Resource Open-Access ALS Clinical Trials Consortium",1
"UB, LaBRI, TADAAM",1
"HiePACS, UB,
  LaBRI",1
"HiePACS, UB, LaBRI",1
NSF's OIR Lab,1
"HASLab/INESC-TEC &
  CISTER/ISEP, Portugal",1
"Mitsubishi Electric Corporation Amagasaki,
  Japan",1
Oracle Corporation,1
"IP Paris, DIG, INFRES, LINCS",1
"DIG,
  INFRES, IP Paris, LINCS",1
"M. Ablikim, M. N. Achasov, P. Adlarson, S.
  Ahmed, M. Albrecht, M. Alekseev, A. Amoroso, Q. An, Anita, Y. Bai, O. Bakina,
  R. Baldini Ferroli, I. Balossino, Y. Ban, K. Begzsuren, J. V. Bennett, N.
  Berger, M. Bertani, D. Bettoni, F. Bianchi, J Biernat, J. Bloms, I. Boyko, R.
  A. Briere, H. Cai, X. Cai, A. Calcaterra, G. F. Cao, N. Cao, S. A. Cetin, J.
  Chai, J. F. Chang, W. L. Chang, G. Chelkov, D. Y. Chen, G. Chen, H. S. Chen,
  J. Chen, M. L. Chen, S. J. Chen, X. R. Chen, Y. B. Chen, W. Cheng, G.
  Cibinetto, F. Cossio, X. F. Cui, H. L. Dai, J. P. Dai, X. C. Dai, A. Dbeyssi,
  D. Dedovich, Z. Y. Deng, A. Denig, I. Denysenko, M. Destefanis, F. De Mori,
  Y. Ding, C. Dong, J. Dong, L. Y. Dong, M. Y. Dong, Z. L. Dou, S. X. Du, J.
  Fang, S. S. Fang, Y. Fang, R. Farinelli, L. Fava, F. Feldbauer, G. Felici, C.
  Q. Feng, M. Fritsch, C. D. Fu, Y. Fu, X. L. Gao, Y. Gao, Y. Gao, Y. G. Gao,
  I. Garzia, E. M. Gersabeck, A. Gilman, K. Goetzen, L. Gong, W. X. Gong, W.
  Gradl, M. Greco, L. M. Gu, M. H. Gu, S. Gu, Y. T. Gu, A. Q. Guo, L. B. Guo,
  R. P. Guo, Y. P. Guo, Y. P. Guo, A. Guskov, S. Han, T. T. Han, X. Q. Hao, F.
  A. Harris, K. L. He, F. H. Heinsius, T. Held, Y. K. Heng, M. Himmelreich, T.
  Holtmann, Y. R. Hou, Z. L. Hou, H. M. Hu, J. F. Hu, T. Hu, Y. Hu, G. S.
  Huang, J. S. Huang, X. T. Huang, X. Z. Huang, N. Huesken, T. Hussain, W.
  Ikegami Andersson, W. Imoehl, M. Irshad, S. Jaeger, Q. Ji, Q. P. Ji, X. B.
  Ji, X. L. Ji, H. B. Jiang, X. S. Jiang, X. Y. Jiang, J. B. Jiao, Z. Jiao, D.
  P. Jin, S. Jin, Y. Jin, T. Johansson, N. Kalantar-Nayestanaki, X. S. Kang, R.
  Kappert, M. Kavatsyuk, B. C. Ke, I. K. Keshk, A. Khoukaz, P. Kiese, R.
  Kiuchi, R. Kliemt, L. Koch, O. B. Kolcu, B. Kopf, M. Kuemmel, M. Kuessner, A.
  Kupsc, M. G. Kurth, W. K\""uhn, J. S. Lange, P. Larin, L. Lavezzi, H.
  Leithoff, T. Lenz, C. Li, C. H. Li, Cheng Li, D. M. Li, F. Li, G. Li, H. B.
  Li, H. J. Li, J. C. Li, Ke Li, L. K. Li, Lei Li, P. L. Li, P. R. Li, S. Y.
  Li, W. D. Li, W. G. Li, X. H. Li, X. L. Li, X. N. Li, Z. B. Li, Z. Y. Li, H.
  Liang, H. Liang, Y. F. Liang, Y. T. Liang, G. R. Liao, L. Z. Liao, J. Libby,
  C. X. Lin, D. X. Lin, Y. J. Lin, B. Liu, B. J. Liu, C. X. Liu, D. Liu, D. Y.
  Liu, F. H. Liu, Fang Liu, Feng Liu, H. B. Liu, H. M. Liu, Huanhuan Liu,
  Huihui Liu, J. B. Liu, J. Y. Liu, K. Liu, K. Y. Liu, Ke Liu, L. Liu, L. Y.
  Liu, Q. Liu, S. B. Liu, T. Liu, X. Liu, X. Y. Liu, Y. B. Liu, Z. A. Liu, Z.
  Q. Liu, Y. F. Long, X. C. Lou, H. J. Lu, J. D. Lu, J. G. Lu, Y. Lu, Y. P. Lu,
  C. L. Luo, M. X. Luo, P. W. Luo, T. Luo, X. L. Luo, S. Lusso, X. R. Lyu, F.
  C. Ma, H. L. Ma, L. L. Ma, M. M. Ma, Q. M. Ma, R. T. Ma, X. N. Ma, X. X. Ma,
  X. Y. Ma, Y. M. Ma, F. E. Maas, M. Maggiora, S. Maldaner, S. Malde, Q. A.
  Malik, A. Mangoni, Y. J. Mao, Z. P. Mao, S. Marcello, Z. X. Meng, J. G.
  Messchendorp, G. Mezzadri, J. Min, T. J. Min, R. E. Mitchell, X. H. Mo, Y. J.
  Mo, C. Morales Morales, N. Yu. Muchnoi, H. Muramatsu, A. Mustafa, S. Nakhoul,
  Y. Nefedov, F. Nerling, I. B. Nikolaev, Z. Ning, S. Nisar, S. L. Olsen, Q.
  Ouyang, S. Pacetti, X. Pan, Y. Pan, M. Papenbrock, P. Patteri, M. Pelizaeus,
  H. P. Peng, K. Peters, J. Pettersson, J. L. Ping, R. G. Ping, A. Pitka, R.
  Poling, V. Prasad, H. Qi, H. R. Qi, M. Qi, T. Y. Qi, S. Qian, C. F. Qiao, X.
  P. Qin, X. S. Qin, Z. H. Qin, J. F. Qiu, S. Q. Qu, K. H. Rashid, K.
  Ravindran, C. F. Redmer, M. Richter, A. Rivetti, V. Rodin, M. Rolo, G. Rong,
  Ch. Rosner, M. Rump, A. Sarantsev, M. Savri\'e, Y. Schelhaas, C. Schnier, K.
  Schoenning, W. Shan, X. Y. Shan, M. Shao, C. P. Shen, P. X. Shen, X. Y. Shen,
  H. Y. Sheng, X. Shi, X. D Shi, J. J. Song, Q. Q. Song, X. Y. Song, Y. X.
  Song, S. Sosio, C. Sowa, S. Spataro, F. F. Sui, G. X. Sun, J. F. Sun, L. Sun,
  S. S. Sun, Y. J. Sun, Y. K Sun, Y. Z. Sun, Z. J. Sun, Z. T. Sun, Y. X. Tan,
  C. J. Tang, G. Y. Tang, X. Tang, V. Thoren, B. Tsednee, I. Uman, B. Wang, B.
  L. Wang, C. W. Wang, D. Y. Wang, K. Wang, L. L. Wang, L. S. Wang, M. Wang, M.
  Z. Wang, Meng Wang, P. L. Wang, W. P. Wang, X. Wang, X. F. Wang, X. L. Wang,
  Y. Wang, Y. Wang, Y. D. Wang, Y. F. Wang, Y. Q. Wang, Z. Wang, Z. G. Wang, Z.
  Y. Wang, Ziyi Wang, Zongyuan Wang, T. Weber, D. H. Wei, P. Weidenkaff, F.
  Weidner, H. W. Wen, S. P. Wen, U. Wiedner, G. Wilkinson, M. Wolke, L.
  Wollenberg, L. H. Wu, L. J. Wu, Z. Wu, L. Xia, S. Y. Xiao, Y. J. Xiao, Z. J.
  Xiao, Y. G. Xie, Y. H. Xie, T. Y. Xing, X. A. Xiong, G. F. Xu, J. J. Xu, Q.
  J. Xu, W. Xu, X. P. Xu, F. Yan, L. Yan, L. Yan, W. B. Yan, W. C. Yan, H. J.
  Yang, H. X. Yang, L. Yang, R. X. Yang, S. L. Yang, Y. H. Yang, Y. X. Yang,
  Yifan Yang, Zhi Yang, M. Ye, M. H. Ye, J. H. Yin, Z. Y. You, B. X. Yu, C. X.
  Yu, J. S. Yu, T. Yu, C. Z. Yuan, X. Q. Yuan, Y. Yuan, C. X. Yue, A. Yuncu, A.
  A. Zafar, Y. Zeng, B. X. Zhang, B. Y. Zhang, C. C. Zhang, D. H. Zhang, H. H.
  Zhang, H. Y. Zhang, J. L. Zhang, J. Q. Zhang, J. W. Zhang, J. Y. Zhang, J. Z.
  Zhang, L. Zhang, Lei Zhang, S. F. Zhang, T. J. Zhang, X. Y. Zhang, Y. H.
  Zhang, Y. T. Zhang, Yan Zhang, Yao Zhang, Yi Zhang, Yu Zhang, Z. H. Zhang, Z.
  P. Zhang, Z. Y. Zhang, G. Zhao, J. Zhao, J. W. Zhao, J. Y. Zhao, J. Z. Zhao,
  Lei Zhao, Ling Zhao, M. G. Zhao, Q. Zhao, S. J. Zhao, T. C. Zhao, Y. B. Zhao,
  Z. G. Zhao, A. Zhemchugov, B. Zheng, J. P. Zheng, Y. Zheng, Y. H. Zheng, B.
  Zhong, L. Zhou, L. P. Zhou, Q. Zhou, X. Zhou, X. K. Zhou, X. R. Zhou, A. N.
  Zhu, J. Zhu, K. Zhu, K. J. Zhu, S. H. Zhu, W. J. Zhu, X. L. Zhu, Y. C. Zhu,
  Y. S. Zhu, Z. A. Zhu, J. Zhuang, B. S. Zou, J. H. Zou",1
Rensselaer AI and Reasoning Lab,1
NEC Laboratories Europe GmbH,1
"JetBrains Research and
  JetBrains N.V., Amsterdam, The Netherlands",1
"M. Ablikim, M. N. Achasov, P. Adlarson, S.
  Ahmed, M. Albrecht, A. Amoroso, Q. An, Anita, Y. Bai, O. Bakina, R. Baldini
  Ferroli, I. Balossino, Y. Ban, K. Begzsuren, J. V. Bennett, N. Berger, M.
  Bertani, D. Bettoni, F. Bianchi, J Biernat, J. Bloms, A. Bortone, I. Boyko,
  R. A. Briere, H. Cai, X. Cai, A. Calcaterra, G. F. Cao, N. Cao, S. A. Cetin,
  J. F. Chang, W. L. Chang, G. Chelkov, D. Y. Chen, G. Chen, H. S. Chen, M. L.
  Chen, S. J. Chen, X. R. Chen, Y. B. Chen, W. Cheng, G. Cibinetto, F. Cossio,
  X. F. Cui, H. L. Dai, J. P. Dai, X. C. Dai, A. Dbeyssi, R. B. de Boer, D.
  Dedovich, Z. Y. Deng, A. Denig, I. Denysenko, M. Destefanis, F. De Mori, Y.
  Ding, C. Dong, J. Dong, L. Y. Dong, M. Y. Dong, S. X. Du, J. Fang, S. S.
  Fang, Y. Fang, R. Farinelli, L. Fava, F. Feldbauer, G. Felici, C. Q. Feng, M.
  Fritsch, C. D. Fu, Y. Fu, X. L. Gao, Y. Gao, Y. Gao, Y. G. Gao, I. Garzia, E.
  M. Gersabeck, A. Gilman, K. Goetzen, L. Gong, W. X. Gong, W. Gradl, M. Greco,
  L. M. Gu, M. H. Gu, S. Gu, Y. T. Gu, C. Y Guan, A. Q. Guo, L. B. Guo, R. P.
  Guo, Y. P. Guo, Y. P. Guo, A. Guskov, S. Han, T. T. Han, T. Z. Han, X. Q.
  Hao, F. A. Harris, K. L. He, F. H. Heinsius, T. Held, Y. K. Heng, M.
  Himmelreich, T. Holtmann, Y. R. Hou, Z. L. Hou, H. M. Hu, J. F. Hu, T. Hu, Y.
  Hu, G. S. Huang, L. Q. Huang, X. T. Huang, N. Huesken, T. Hussain, W. Ikegami
  Andersson, W. Imoehl, M. Irshad, S. Jaeger, S. Janchiv, Q. Ji, Q. P. Ji, X.
  B. Ji, X. L. Ji, H. B. Jiang, X. S. Jiang, X. Y. Jiang, J. B. Jiao, Z. Jiao,
  S. Jin, Y. Jin, T. Johansson, N. Kalantar-Nayestanaki, X. S. Kang, R.
  Kappert, M. Kavatsyuk, B. C. Ke, I. K. Keshk, A. Khoukaz, P. Kiese, R.
  Kiuchi, R. Kliemt, L. Koch, O. B. Kolcu, B. Kopf, M. Kuemmel, M. Kuessner, A.
  Kupsc, M. G. Kurth, W. K\""uhn, J. J. Lane, J. S. Lange, P. Larin, L. Lavezzi,
  H. Leithoff, M. Lellmann, T. Lenz, C. Li, C. H. Li, Cheng Li, D. M. Li, F.
  Li, G. Li, H. B. Li, H. J. Li, J. L. Li, J. Q. Li, Ke Li, L. K. Li, Lei Li,
  P. L. Li, P. R. Li, S. Y. Li, W. D. Li, W. G. Li, X. H. Li, X. L. Li, Z. B.
  Li, Z. Y. Li, H. Liang, H. Liang, Y. F. Liang, Y. T. Liang, L. Z. Liao, J.
  Libby, C. X. Lin, B. Liu, B. J. Liu, C. X. Liu, D. Liu, D. Y. Liu, F. H. Liu,
  Fang Liu, Feng Liu, H. B. Liu, H. M. Liu, Huanhuan Liu, Huihui Liu, J. B.
  Liu, J. Y. Liu, K. Liu, K. Y. Liu, Ke Liu, L. Liu, L. Y. Liu, Q. Liu, S. B.
  Liu, Shuai Liu, T. Liu, X. Liu, Y. B. Liu, Z. A. Liu, Z. Q. Liu, Y. F. Long,
  X. C. Lou, F. X. Lu, H. J. Lu, J. D. Lu, J. G. Lu, X. L. Lu, Y. Lu, Y. P. Lu,
  C. L. Luo, M. X. Luo, P. W. Luo, T. Luo, X. L. Luo, S. Lusso, X. R. Lyu, F.
  C. Ma, H. L. Ma, L. L. Ma, M. M. Ma, Q. M. Ma, R. Q. Ma, R. T. Ma, X. N. Ma,
  X. X. Ma, X. Y. Ma, Y. M. Ma, F. E. Maas, M. Maggiora, S. Maldaner, S. Malde,
  Q. A. Malik, A. Mangoni, Y. J. Mao, Z. P. Mao, S. Marcello, Z. X. Meng, J. G.
  Messchendorp, G. Mezzadri, T. J. Min, R. E. Mitchell, X. H. Mo, Y. J. Mo, N.
  Yu. Muchnoi, H. Muramatsu, S. Nakhoul, Y. Nefedov, F. Nerling, I. B.
  Nikolaev, Z. Ning, S. Nisar, S. L. Olsen, Q. Ouyang, S. Pacetti, X. Pan, Y.
  Pan, M. Papenbrock, A. Pathak, P. Patteri, M. Pelizaeus, H. P. Peng, K.
  Peters, J. Pettersson, J. L. Ping, R. G. Ping, A. Pitka, R. Poling, V.
  Prasad, H. Qi, H. R. Qi, M. Qi, T. Y. Qi, S. Qian, C. F. Qiao, L. Q. Qin, X.
  P. Qin, X. S. Qin, Z. H. Qin, J. F. Qiu, S. Q. Qu, K. H. Rashid, K.
  Ravindran, C. F. Redmer, A. Rivetti, V. Rodin, M. Rolo, G. Rong, Ch. Rosner,
  M. Rump, A. Sarantsev, M. Savri\'e, Y. Schelhaas, C. Schnier, K. Schoenning,
  D. C. Shan, W. Shan, X. Y. Shan, M. Shao, C. P. Shen, P. X. Shen, X. Y. Shen,
  H. C. Shi, R. S. Shi, X. Shi, X. D Shi, J. J. Song, Q. Q. Song, W. M. Song,
  Y. X. Song, S. Sosio, S. Spataro, F. F. Sui, G. X. Sun, J. F. Sun, L. Sun, S.
  S. Sun, T. Sun, W. Y. Sun, Y. J. Sun, Y. K Sun, Y. Z. Sun, Z. T. Sun, Y. X.
  Tan, C. J. Tang, G. Y. Tang, J. Tang, V. Thoren, B. Tsednee, I. Uman, B.
  Wang, B. L. Wang, C. W. Wang, D. Y. Wang, H. P. Wang, K. Wang, L. L. Wang, M.
  Wang, M. Z. Wang, Meng Wang, W. P. Wang, X. Wang, X. F. Wang, X. L. Wang, Y.
  Wang, Y. Wang, Y. D. Wang, Y. F. Wang, Y. Q. Wang, Z. Wang, Z. Y. Wang, Ziyi
  Wang, Zongyuan Wang, T. Weber, D. H. Wei, P. Weidenkaff, F. Weidner, H. W.
  Wen, S. P. Wen, D. J. White, U. Wiedner, G. Wilkinson, M. Wolke, L.
  Wollenberg, J. F. Wu, L. H. Wu, L. J. Wu, X. Wu, Z. Wu, L. Xia, H. Xiao, S.
  Y. Xiao, Y. J. Xiao, Z. J. Xiao, Y. G. Xie, Y. H. Xie, T. Y. Xing, X. A.
  Xiong, G. F. Xu, J. J. Xu, Q. J. Xu, W. Xu, X. P. Xu, L. Yan, L. Yan, W. B.
  Yan, W. C. Yan, Xu Yan, H. J. Yang, H. X. Yang, L. Yang, R. X. Yang, S. L.
  Yang, Y. H. Yang, Y. X. Yang, Yifan Yang, Zhi Yang, M. Ye, M. H. Ye, J. H.
  Yin, Z. Y. You, B. X. Yu, C. X. Yu, G. Yu, J. S. Yu, T. Yu, C. Z. Yuan, W.
  Yuan, X. Q. Yuan, Y. Yuan, C. X. Yue, A. Yuncu, A. A. Zafar, Y. Zeng, B. X.
  Zhang, Guangyi Zhang, H. H. Zhang, H. Y. Zhang, J. L. Zhang, J. Q. Zhang, J.
  W. Zhang, J. Y. Zhang, J. Z. Zhang, Jianyu Zhang, Jiawei Zhang, L. Zhang, Lei
  Zhang, S. Zhang, S. F. Zhang, T. J. Zhang, X. Y. Zhang, Y. Zhang, Y. H.
  Zhang, Y. T. Zhang, Yan Zhang, Yao Zhang, Yi Zhang, Z. H. Zhang, Z. Y. Zhang,
  G. Zhao, J. Zhao, J. Y. Zhao, J. Z. Zhao, Lei Zhao, Ling Zhao, M. G. Zhao, Q.
  Zhao, S. J. Zhao, Y. B. Zhao, Y. X. Zhao Zhao, Z. G. Zhao, A. Zhemchugov, B.
  Zheng, J. P. Zheng, Y. Zheng, Y. H. Zheng, B. Zhong, C. Zhong, L. P. Zhou, Q.
  Zhou, X. Zhou, X. K. Zhou, X. R. Zhou, A. N. Zhu, J. Zhu, K. Zhu, K. J. Zhu,
  S. H. Zhu, W. J. Zhu, X. L. Zhu, Y. C. Zhu, Z. A. Zhu, B. S. Zou, J. H. Zou",1
"Scientific
  Research Group in Egypt (SRGE",1
"USTTB, LaBRI",1
Carnegie/Princeton,1
"Scientific Research
  Group in Egypt -- SRGE",1
"Mnemosyne, LaBRI, IMN",1
"Mnemosyne,
  LaBRI, IMN",1
"M. Ablikim, M. N. Achasov, P. Adlarson, S.
  Ahmed, M. Albrecht, A. Amoroso, Q. An, Anita, X. H. Bai, Y. Bai, O. Bakina,
  R. Baldini Ferroli, I. Balossino, Y. Ban, K. Begzsuren, J. V. Bennett, N.
  Berger, M. Bertani, D. Bettoni, F. Bianchi, J Biernat, J. Bloms, A. Bortone,
  I. Boyko, R. A. Briere, H. Cai, X. Cai, A. Calcaterra, G. F. Cao, N. Cao, S.
  A. Cetin, J. F. Chang, W. L. Chang, G. Chelkov, D. Y. Chen, G. Chen, H. S.
  Chen, M. L. Chen, S. J. Chen, X. R. Chen, Y. B. Chen, W. S. Cheng, G.
  Cibinetto, F. Cossio, X. F. Cui, H. L. Dai, J. P. Dai, X. C. Dai, A. Dbeyssi,
  R. B. de Boer, D. Dedovich, Z. Y. Deng, A. Denig, I. Denysenko, M.
  Destefanis, F. De Mori, Y. Ding, C. Dong, J. Dong, L. Y. Dong, M. Y. Dong, S.
  X. Du, J. Fang, S. S. Fang, Y. Fang, R. Farinelli, L. Fava, F. Feldbauer, G.
  Felici, C. Q. Feng, M. Fritsch, C. D. Fu, Y. Fu, X. L. Gao, Y. Gao, Y. Gao,
  Y. G. Gao, I. Garzia, E. M. Gersabeck, A. Gilman, K. Goetzen, L. Gong, W. X.
  Gong, W. Gradl, M. Greco, L. M. Gu, M. H. Gu, S. Gu, Y. T. Gu, C. Y Guan, A.
  Q. Guo, L. B. Guo, R. P. Guo, Y. P. Guo, Y. P. Guo, A. Guskov, S. Han, T. T.
  Han, T. Z. Han, X. Q. Hao, F. A. Harris, K. L. He, F. H. Heinsius, T. Held,
  Y. K. Heng, M. Himmelreich, T. Holtmann, Y. R. Hou, Z. L. Hou, H. M. Hu, J.
  F. Hu, T. Hu, Y. Hu, G. S. Huang, L. Q. Huang, X. T. Huang, Y. P. Huang, Z.
  Huang, N. Huesken, T. Hussain, W. Ikegami Andersson, W. Imoehl, M. Irshad, S.
  Jaeger, S. Janchiv, Q. Ji, Q. P. Ji, X. B. Ji, X. L. Ji, H. B. Jiang, X. S.
  Jiang, X. Y. Jiang, J. B. Jiao, Z. Jiao, S. Jin, Y. Jin, T. Johansson, N.
  Kalantar-Nayestanaki, X. S. Kang, R. Kappert, M. Kavatsyuk, B. C. Ke, I. K.
  Keshk, A. Khoukaz, P. Kiese, R. Kiuchi, R. Kliemt, L. Koch, O. B. Kolcu, B.
  Kopf, M. Kuemmel, M. Kuessner, A. Kupsc, M. G. Kurth, W. K\""uhn, J. J. Lane,
  J. S. Lange, P. Larin, L. Lavezzi, H. Leithoff, M. Lellmann, T. Lenz, C. Li,
  C. H. Li, Cheng Li, D. M. Li, F. Li, G. Li, H. B. Li, H. J. Li, J. L. Li, J.
  Q. Li, Ke Li, L. K. Li, Lei Li, P. L. Li, P. R. Li, S. Y. Li, W. D. Li, W. G.
  Li, X. H. Li, X. L. Li, Z. B. Li, Z. Y. Li, H. Liang, H. Liang, Y. F. Liang,
  Y. T. Liang, L. Z. Liao, J. Libby, C. X. Lin, B. Liu, B. J. Liu, C. X. Liu,
  D. Liu, D. Y. Liu, F. H. Liu, Fang Liu, Feng Liu, H. B. Liu, H. M. Liu,
  Huanhuan Liu, Huihui Liu, J. B. Liu, J. Y. Liu, K. Liu, K. Y. Liu, Ke Liu, L.
  Liu, Q. Liu, S. B. Liu, Shuai Liu, T. Liu, X. Liu, Y. B. Liu, Z. A. Liu, Z.
  Q. Liu, Y. F. Long, X. C. Lou, F. X. Lu, H. J. Lu, J. D. Lu, J. G. Lu, X. L.
  Lu, Y. Lu, Y. P. Lu, C. L. Luo, M. X. Luo, P. W. Luo, T. Luo, X. L. Luo, S.
  Lusso, X. R. Lyu, F. C. Ma, H. L. Ma, L. L. Ma, M. M. Ma, Q. M. Ma, R. Q. Ma,
  R. T. Ma, X. N. Ma, X. X. Ma, X. Y. Ma, Y. M. Ma, F. E. Maas, M. Maggiora, S.
  Maldaner, S. Malde, Q. A. Malik, A. Mangoni, Y. J. Mao, Z. P. Mao, S.
  Marcello, Z. X. Meng, J. G. Messchendorp, G. Mezzadri, T. J. Min, R. E.
  Mitchell, X. H. Mo, Y. J. Mo, N. Yu. Muchnoi, H. Muramatsu, S. Nakhoul, Y.
  Nefedov, F. Nerling, I. B. Nikolaev, Z. Ning, S. Nisar, S. L. Olsen, Q.
  Ouyang, S. Pacetti, X. Pan, Y. Pan, A. Pathak, P. Patteri, M. Pelizaeus, H.
  P. Peng, K. Peters, J. Pettersson, J. L. Ping, R. G. Ping, A. Pitka, R.
  Poling, V. Prasad, H. Qi, H. R. Qi, M. Qi, T. Y. Qi, T. Y. Qi, S. Qian, W.-B.
  Qian, Z. Qian, C. F. Qiao, L. Q. Qin, X. P. Qin, X. S. Qin, Z. H. Qin, J. F.
  Qiu, S. Q. Qu, K. H. Rashid, K. Ravindran, C. F. Redmer, A. Rivetti, V.
  Rodin, M. Rolo, G. Rong, Ch. Rosner, M. Rump, A. Sarantsev, Y. Schelhaas, C.
  Schnier, K. Schoenning, D. C. Shan, W. Shan, X. Y. Shan, M. Shao, C. P. Shen,
  P. X. Shen, X. Y. Shen, H. C. Shi, R. S. Shi, X. Shi, X. D Shi, J. J. Song,
  Q. Q. Song, W. M. Song, Y. X. Song, S. Sosio, S. Spataro, F. F. Sui, G. X.
  Sun, J. F. Sun, L. Sun, S. S. Sun, T. Sun, W. Y. Sun, Y. J. Sun, Y. K. Sun,
  Y. Z. Sun, Z. T. Sun, Y. H. Tan, Y. X. Tan, C. J. Tang, G. Y. Tang, J. Tang,
  V. Thoren, B. Tsednee, I. Uman, B. Wang, B. L. Wang, C. W. Wang, D. Y. Wang,
  H. P. Wang, K. Wang, L. L. Wang, M. Wang, M. Z. Wang, Meng Wang, W. H. Wang,
  W. P. Wang, X. Wang, X. F. Wang, X. L. Wang, Y. Wang, Y. Wang, Y. D. Wang, Y.
  F. Wang, Y. Q. Wang, Z. Wang, Z. Y. Wang, Ziyi Wang, Zongyuan Wang, D. H.
  Wei, P. Weidenkaff, F. Weidner, S. P. Wen, D. J. White, U. Wiedner, G.
  Wilkinson, M. Wolke, L. Wollenberg, J. F. Wu, L. H. Wu, L. J. Wu, X. Wu, Z.
  Wu, L. Xia, H. Xiao, S. Y. Xiao, Y. J. Xiao, Z. J. Xiao, X. H. Xie, Y. G.
  Xie, Y. H. Xie, T. Y. Xing, X. A. Xiong, G. F. Xu, J. J. Xu, Q. J. Xu, W. Xu,
  X. P. Xu, F. Yan, L. Yan, L. Yan, W. B. Yan, W. C. Yan, Xu Yan, H. J. Yang,
  H. X. Yang, L. Yang, R. X. Yang, S. L. Yang, Y. H. Yang, Y. X. Yang, Yifan
  Yang, Zhi Yang, M. Ye, M. H. Ye, J. H. Yin, Z. Y. You, B. X. Yu, C. X. Yu, G.
  Yu, J. S. Yu, T. Yu, C. Z. Yuan, W. Yuan, X. Q. Yuan, Y. Yuan, Z. Y. Yuan, C.
  X. Yue, A. Yuncu, A. A. Zafar, Y. Zeng, B. X. Zhang, Guangyi Zhang, H. H.
  Zhang, H. Y. Zhang, J. L. Zhang, J. Q. Zhang, J. W. Zhang, J. Y. Zhang, J. Z.
  Zhang, Jianyu Zhang, Jiawei Zhang, L. Zhang, Lei Zhang, S. Zhang, S. F.
  Zhang, T. J. Zhang, X. Y. Zhang, Y. Zhang, Y. H. Zhang, Y. T. Zhang, Yan
  Zhang, Yao Zhang, Yi Zhang, Z. H. Zhang, Z. Y. Zhang, G. Zhao, J. Zhao, J. Y.
  Zhao, J. Z. Zhao, Lei Zhao, Ling Zhao, M. G. Zhao, Q. Zhao, S. J. Zhao, Y. B.
  Zhao, Y. X. Zhao, Z. G. Zhao, A. Zhemchugov, B. Zheng, J. P. Zheng, Y. Zheng,
  Y. H. Zheng, B. Zhong, C. Zhong, L. P. Zhou, Q. Zhou, X. Zhou, X. K. Zhou, X.
  R. Zhou, A. N. Zhu, J. Zhu, K. Zhu, K. J. Zhu, S. H. Zhu, W. J. Zhu, X. L.
  Zhu, Y. C. Zhu, Z. A. Zhu, B. S. Zou, J. H. Zou",1
"SSRF, ZJLab",1
"tsapk
  llc",1
"Scientific
  Research Group in Egypt",1
"Scientific Research Group
  in Egypt",1
"Scientific Research Group in
  Egypt",1
VanDevender Enterprises LLC,1
"M.Ablikim, M.N.Achasov, P.Adlarson, S. Ahmed,
  M.Albrecht, A.Amoroso, Q.An, Anita, X.H.Bai, Y.Bai, O.Bakina, R.Baldini
  Ferroli, I.Balossino, Y.Ban, K.Begzsuren, J.V.Bennett, N.Berger, M.Bertani,
  D.Bettoni, F.Bianchi, JBiernat, J.Bloms, A.Bortone, I.Boyko, R.A.Briere,
  H.Cai, X.Cai, A.Calcaterra, G.F.Cao, N.Cao, S.A.Cetin, J.F.Chang, W.L.Chang,
  G.Chelkov, D.Y.Chen, G.Chen, H.S.Chen, M.L.Chen, S.J.Chen, X.R.Chen,
  Y.B.Chen, W.S.Cheng, G.Cibinetto, F.Cossio, X.F.Cui, H.L.Dai, J.P.Dai,
  X.C.Dai, A.Dbeyssi, R. B.de Boer, D.Dedovich, Z.Y.Deng, A.Denig, I.Denysenko,
  M.Destefanis, F.DeMori, Y.Ding, C.Dong, J.Dong, L.Y.Dong, M.Y.Dong, S.X.Du,
  J.Fang, S.S.Fang, Y.Fang, R.Farinelli, L.Fava, F.Feldbauer, G.Felici,
  C.Q.Feng, M.Fritsch, C.D.Fu, Y.Fu, X.L.Gao, Y.Gao, Y.Gao, Y.G.Gao, I.Garzia,
  E.M.Gersabeck, A.Gilman, K.Goetzen, L.Gong, W.X.Gong, W.Gradl, M.Greco,
  L.M.Gu, M.H.Gu, S.Gu, Y.T.Gu, C.YGuan, A.Q.Guo, L.B.Guo, R.P.Guo, Y.P.Guo,
  Y.P.Guo, A.Guskov, S.Han, T.T.Han, T.Z.Han, X.Q.Hao, F.A.Harris, K.L.He,
  F.H.Heinsius, T.Held, Y.K.Heng, M.Himmelreich, T.Holtmann, Y.R.Hou, Z.L.Hou,
  H.M.Hu, J.F.Hu, T.Hu, Y.Hu, G.S.Huang, L.Q.Huang, X.T.Huang, Y.P.Huang,
  Z.Huang, N.Huesken, T.Hussain, W.Ikegami Andersson, W.Imoehl, M.Irshad,
  S.Jaeger, S.Janchiv, Q.Ji, Q.P.Ji, X.B.Ji, X.L.Ji, H.B.Jiang, X.S.Jiang,
  X.Y.Jiang, J.B.Jiao, Z.Jiao, S.Jin, Y.Jin, T.Johansson,
  N.Kalantar-Nayestanaki, X.S.Kang, R.Kappert, M.Kavatsyuk, B.C.Ke, I.K.Keshk,
  A.Khoukaz, P. Kiese, R.Kiuchi, R.Kliemt, L.Koch, O.B.Kolcu, B.Kopf,
  M.Kuemmel, M.Kuessner, A.Kupsc, M. G.Kurth, W.K\""uhn, J.J.Lane, J.S.Lange, P.
  Larin, L.Lavezzi, H.Leithoff, M.Lellmann, T.Lenz, C.Li, C.H.Li, ChengLi,
  D.M.Li, F.Li, G.Li, H.B.Li, H.J.Li, J.L.Li, J.Q.Li, KeLi, L.K.Li, LeiLi,
  P.L.Li, P.R.Li, S.Y.Li, W.D.Li, W.G.Li, X.H.Li, X.L.Li, Z.B.Li, Z.Y.Li,
  H.Liang, H.Liang, Y.F.Liang, Y.T.Liang, L.Z.Liao, J.Libby, C.X.Lin, B.Liu,
  B.J.Liu, C.X.Liu, D.Liu, D.Y.Liu, F.H.Liu, FangLiu, FengLiu, H.B.Liu,
  H.M.Liu, HuanhuanLiu, HuihuiLiu, J.B.Liu, J.Y.Liu, K.Liu, K.Y.Liu, KeLiu,
  L.Liu, Q.Liu, S.B.Liu, ShuaiLiu, T.Liu, X.Liu, Y.B.Liu, Z.A.Liu, Z.Q.Liu, Y.
  F.Long, X.C.Lou, F.X.Lu, H.J.Lu, J.D.Lu, J.G.Lu, X.L.Lu, Y.Lu, Y.P.Lu,
  C.L.Luo, M.X.Luo, P.W.Luo, T.Luo, X.L.Luo, S.Lusso, X.R.Lyu, F.C.Ma, H.L.Ma,
  L.L. Ma, M.M.Ma, Q.M.Ma, R.Q.Ma, R.T.Ma, X.N.Ma, X.X.Ma, X.Y.Ma, Y.M.Ma,
  F.E.Maas, M.Maggiora, S.Maldaner, S.Malde, Q.A.Malik, A.Mangoni, Y.J.Mao,
  Z.P.Mao, S.Marcello, Z.X.Meng, J.G.Messchendorp, G.Mezzadri, T.J.Min,
  R.E.Mitchell, X.H.Mo, Y.J.Mo, N.Yu.Muchnoi, H.Muramatsu, S.Nakhoul,
  Y.Nefedov, F.Nerling, I.B.Nikolaev, Z.Ning, S.Nisar, S.L.Olsen, Q.Ouyang,
  S.Pacetti, X.Pan, Y.Pan, A.Pathak, P.Patteri, M.Pelizaeus, H.P.Peng,
  K.Peters, J.Pettersson, J.L.Ping, R.G.Ping, A.Pitka, R.Poling, V.Prasad,
  H.Qi, H.R.Qi, M.Qi, T.Y.Qi, T.Y.Qi, S.Qian, W.-B.Qian, Z.Qian, C.F.Qiao,
  L.Q.Qin, X.P.Qin, X.S.Qin, Z.H.Qin, J.F.Qiu, S.Q.Qu, K.H.Rashid, K.Ravindran,
  C.F.Redmer, A.Rivetti, V.Rodin, M.Rolo, G.Rong, Ch.Rosner, M.Rump,
  A.Sarantsev, Y.Schelhaas, C.Schnier, K.Schoenning, D.C.Shan, W.Shan,
  X.Y.Shan, M.Shao, C.P.Shen, P.X.Shen, X.Y.Shen, H.C.Shi, R.S.Shi, X.Shi,
  X.DShi, J.J.Song, Q.Q.Song, W.M.Song, Y.X.Song, S.Sosio, S.Spataro, F.F. Sui,
  G.X.Sun, J.F.Sun, L.Sun, S.S.Sun, T.Sun, W.Y.Sun, Y.J.Sun, Y.K.Sun, Y.Z.Sun,
  Z.T.Sun, Y.H.Tan, Y.X.Tan, C.J.Tang, G.Y.Tang, J.Tang, V.Thoren, B.Tsednee,
  I.Uman, B.Wang, B.L.Wang, C.W.Wang, D.Y.Wang, H.P.Wang, K.Wang, L.L.Wang,
  M.Wang, M.Z.Wang, MengWang, W.H.Wang, W.P.Wang, X.Wang, X.F.Wang, X.L.Wang,
  Y.Wang, Y.Wang, Y.D.Wang, Y.F.Wang, Y.Q.Wang, Z.Wang, Z.Y.Wang, ZiyiWang,
  ZongyuanWang, D.H.Wei, P.Weidenkaff, F.Weidner, S.P.Wen, D.J.White,
  U.Wiedner, G.Wilkinson, M.Wolke, L.Wollenberg, J.F.Wu, L.H.Wu, L.J.Wu, X.Wu,
  Z.Wu, L.Xia, H.Xiao, S.Y.Xiao, Y.J.Xiao, Z.J.Xiao, X.H.Xie, Y.G.Xie, Y.H.Xie,
  T.Y.Xing, X.A.Xiong, G.F.Xu, J.J.Xu, Q.J.Xu, W.Xu, X.P.Xu, F.Yan, L.Yan,
  L.Yan, W.B.Yan, W.C.Yan, Xu Yan, H.J.Yang, H.X.Yang, L.Yang, R.X.Yang,
  S.L.Yang, Y.H.Yang, Y.X.Yang, YifanYang, ZhiYang, M.Ye, M.H.Ye, J.H.Yin,
  Z.Y.You, B.X.Yu, C.X.Yu, G.Yu, J.S.Yu, T.Yu, C.Z.Yuan, W.Yuan, X.Q.Yuan,
  Y.Yuan, Z.Y.Yuan, C.X.Yue, A.Yuncu, A.A.Zafar, Y.Zeng, B.X.Zhang,
  GuangyiZhang, H.H.Zhang, H.Y.Zhang, J.L.Zhang, J.Q.Zhang, J.W.Zhang,
  J.Y.Zhang, J.Z.Zhang, JianyuZhang, JiaweiZhang, L.Zhang, LeiZhang, S.Zhang,
  S.F.Zhang, T.J.Zhang, X.Y.Zhang, Y.Zhang, Y.H.Zhang, Y.T.Zhang, YanZhang,
  YaoZhang, YiZhang, Z.H.Zhang, Z.Y.Zhang, G.Zhao, J.Zhao, J.Y.Zhao, J.Z.Zhao,
  LeiZhao, LingZhao, M.G.Zhao, Q.Zhao, S.J.Zhao, Y.B.Zhao, Y.X.Zhao, Z.G.Zhao,
  A.Zhemchugov, B.Zheng, J.P.Zheng, Y.Zheng, Y.H.Zheng, B.Zhong, C.Zhong,
  L.P.Zhou, Q.Zhou, X.Zhou, X.K.Zhou, X.R.Zhou, A.N.Zhu, J.Zhu, K.Zhu, K.J.Zhu,
  S.H.Zhu, W.J.Zhu, X.L.Zhu, Y.C.Zhu, Z.A.Zhu, B.S.Zou, J.H.Zou",1
"Microsoft Research, Redmond, WA",1
"Cogent Labs
  Inc",1
"EPFL, SPRING Lab",1
"EPFL,
  SPRING Lab",1
"SPRING Lab, EPFL",1
"SPRING
  Lab, EPFL",1
"Princeton, CCA",1
INCIA,1
Criteo AI Lab,1
"Artificial Intelligence Lab, Moscow. Russia",1
"Quantum Technology, Netherlands
  Organization for Applied Scientific Research (TNO",1
individual researcher,1
Eyelock LLC,1
Wolfram Research,1
"IMT Atlantique, IMT
  Atlantique - INFO, Lab-STICC, Flowers",1
"Lab-STICC, IMT
  Atlantique - INFO, IMT Atlantique",1
"M. Ablikim, M. N. Achasov, P. Adlarson, S.
  Ahmed, M. Albrecht, A. Amoroso, Q. An, Anita, X. H. Bai, Y. Bai, O. Bakina,
  R. Baldini Ferroli, I. Balossino, Y. Ban, K. Begzsuren, J. V. Bennett, N.
  Berger, M. Bertani, D. Bettoni, F. Bianchi, J Biernat, J. Bloms, A. Bortone,
  I. Boyko, R. A. Briere, H. Cai, X. Cai, A. Calcaterra, G. F. Cao, N. Cao, S.
  A. Cetin, J. F. Chang, W. L. Chang, G. Chelkov, D. Y. Chen, G. Chen, H. S.
  Chen, M. L. Chen, S. J. Chen, X. R. Chen, Y. B. Chen, Z. J Chen, W. S. Cheng,
  G. Cibinetto, F. Cossio, X. F. Cui, H. L. Dai, J. P. Dai, X. C. Dai, A.
  Dbeyssi, R. B. de Boer, D. Dedovich, Z. Y. Deng, A. Denig, I. Denysenko, M.
  Destefanis, F. De Mori, Y. Ding, C. Dong, J. Dong, L. Y. Dong, M. Y. Dong, S.
  X. Du, J. Fang, S. S. Fang, Y. Fang, R. Farinelli, L. Fava, F. Feldbauer, G.
  Felici, C. Q. Feng, M. Fritsch, C. D. Fu, Y. Fu, X. L. Gao, Y. Gao, Y. Gao,
  Y. G. Gao, I. Garzia, E. M. Gersabeck, A. Gilman, K. Goetzen, L. Gong, W. X.
  Gong, W. Gradl, M. Greco, L. M. Gu, M. H. Gu, S. Gu, Y. T. Gu, C. Y Guan, A.
  Q. Guo, L. B. Guo, R. P. Guo, Y. P. Guo, Y. P. Guo, A. Guskov, S. Han, T. T.
  Han, T. Z. Han, X. Q. Hao, F. A. Harris, K. L. He, F. H. Heinsius, T. Held,
  Y. K. Heng, M. Himmelreich, T. Holtmann, Y. R. Hou, Z. L. Hou, H. M. Hu, J.
  F. Hu, T. Hu, Y. Hu, G. S. Huang, L. Q. Huang, X. T. Huang, Y. P. Huang, Z.
  Huang, N. Huesken, T. Hussain, W. Ikegami Andersson, W. Imoehl, M. Irshad, S.
  Jaeger, S. Janchiv, Q. Ji, Q. P. Ji, X. B. Ji, X. L. Ji, H. B. Jiang, X. S.
  Jiang, X. Y. Jiang, J. B. Jiao, Z. Jiao, S. Jin, Y. Jin, T. Johansson, N.
  Kalantar-Nayestanaki, X. S. Kang, R. Kappert, M. Kavatsyuk, B. C. Ke, I. K.
  Keshk, A. Khoukaz, P. Kiese, R. Kiuchi, R. Kliemt, L. Koch, O. B. Kolcu, B.
  Kopf, M. Kuemmel, M. Kuessner, A. Kupsc, M. G. Kurth, W. K\""uhn, J. J. Lane,
  J. S. Lange, P. Larin, L. Lavezzi, H. Leithoff, M. Lellmann, T. Lenz, C. Li,
  C. H. Li, Cheng Li, D. M. Li, F. Li, G. Li, H. B. Li, H. J. Li, J. L. Li, J.
  Q. Li, Ke Li, L. K. Li, Lei Li, P. L. Li, P. R. Li, S. Y. Li, W. D. Li, W. G.
  Li, X. H. Li, X. L. Li, Z. B. Li, Z. Y. Li, H. Liang, H. Liang, Y. F. Liang,
  Y. T. Liang, L. Z. Liao, J. Libby, C. X. Lin, B. Liu, B. J. Liu, C. X. Liu,
  D. Liu, D. Y. Liu, F. H. Liu, Fang Liu, Feng Liu, H. B. Liu, H. M. Liu,
  Huanhuan Liu, Huihui Liu, J. B. Liu, J. Y. Liu, K. Liu, K. Y. Liu, Ke Liu, L.
  Liu, Q. Liu, S. B. Liu, Shuai Liu, T. Liu, X. Liu, Y. B. Liu, Z. A. Liu, Z.
  Q. Liu, Y. F. Long, X. C. Lou, F. X. Lu, H. J. Lu, J. D. Lu, J. G. Lu, X. L.
  Lu, Y. Lu, Y. P. Lu, C. L. Luo, M. X. Luo, P. W. Luo, T. Luo, X. L. Luo, S.
  Lusso, X. R. Lyu, F. C. Ma, H. L. Ma, L. L. Ma, M. M. Ma, Q. M. Ma, R. Q. Ma,
  R. T. Ma, X. N. Ma, X. X. Ma, X. Y. Ma, Y. M. Ma, F. E. Maas, M. Maggiora, S.
  Maldaner, S. Malde, Q. A. Malik, A. Mangoni, Y. J. Mao, Z. P. Mao, S.
  Marcello, Z. X. Meng, J. G. Messchendorp, G. Mezzadri, T. J. Min, R. E.
  Mitchell, X. H. Mo, Y. J. Mo, N. Yu. Muchnoi, H. Muramatsu, S. Nakhoul, Y.
  Nefedov, F. Nerling, I. B. Nikolaev, Z. Ning, S. Nisar, S. L. Olsen, Q.
  Ouyang, S. Pacetti, X. Pan, Y. Pan, A. Pathak, P. Patteri, M. Pelizaeus, H.
  P. Peng, K. Peters, J. Pettersson, J. L. Ping, R. G. Ping, A. Pitka, R.
  Poling, V. Prasad, H. Qi, H. R. Qi, M. Qi, T. Y. Qi, T. Y. Qi, S. Qian, W.-B.
  Qian, Z. Qian, C. F. Qiao, L. Q. Qin, X. S. Qin, Z. H. Qin, J. F. Qiu, S. Q.
  Qu, K. H. Rashid, K. Ravindran, C. F. Redmer, A. Rivetti, V. Rodin, M. Rolo,
  G. Rong, Ch. Rosner, M. Rump, A. Sarantsev, Y. Schelhaas, C. Schnier, K.
  Schoenning, D. C. Shan, W. Shan, X. Y. Shan, M. Shao, C. P. Shen, P. X. Shen,
  X. Y. Shen, H. C. Shi, R. S. Shi, X. Shi, X. D Shi, J. J. Song, Q. Q. Song,
  W. M. Song, Y. X. Song, S. Sosio, S. Spataro, F. F. Sui, G. X. Sun, J. F.
  Sun, L. Sun, S. S. Sun, T. Sun, W. Y. Sun, X Sun, Y. J. Sun, Y. K. Sun, Y. Z.
  Sun, Z. T. Sun, Y. H. Tan, Y. X. Tan, C. J. Tang, G. Y. Tang, J. Tang, V.
  Thoren, I. Uman, B. Wang, B. L. Wang, C. W. Wang, D. Y. Wang, H. P. Wang, K.
  Wang, L. L. Wang, M. Wang, M. Z. Wang, Meng Wang, W. H. Wang, W. P. Wang, X.
  Wang, X. F. Wang, X. L. Wang, Y. Wang, Y. Wang, Y. D. Wang, Y. F. Wang, Y. Q.
  Wang, Z. Wang, Z. Y. Wang, Ziyi Wang, Zongyuan Wang, D. H. Wei, P.
  Weidenkaff, F. Weidner, S. P. Wen, D. J. White, U. Wiedner, G. Wilkinson, M.
  Wolke, L. Wollenberg, J. F. Wu, L. H. Wu, L. J. Wu, X. Wu, Z. Wu, L. Xia, H.
  Xiao, S. Y. Xiao, Y. J. Xiao, Z. J. Xiao, X. H. Xie, Y. G. Xie, Y. H. Xie, T.
  Y. Xing, X. A. Xiong, G. F. Xu, J. J. Xu, Q. J. Xu, W. Xu, X. P. Xu, F. Yan,
  L. Yan, L. Yan, W. B. Yan, W. C. Yan, Xu Yan, H. J. Yang, H. X. Yang, L.
  Yang, R. X. Yang, S. L. Yang, Y. H. Yang, Y. X. Yang, Yifan Yang, Zhi Yang,
  M. Ye, M. H. Ye, J. H. Yin, Z. Y. You, B. X. Yu, C. X. Yu, G. Yu, J. S. Yu,
  T. Yu, C. Z. Yuan, W. Yuan, X. Q. Yuan, Y. Yuan, Z. Y. Yuan, C. X. Yue, A.
  Yuncu, A. A. Zafar, Y. Zeng, B. X. Zhang, Guangyi Zhang, H. H. Zhang, H. Y.
  Zhang, J. L. Zhang, J. Q. Zhang, J. W. Zhang, J. Y. Zhang, J. Z. Zhang,
  Jianyu Zhang, Jiawei Zhang, L. Zhang, Lei Zhang, S. Zhang, S. F. Zhang, T. J.
  Zhang, X. Y. Zhang, Y. Zhang, Y. H. Zhang, Y. T. Zhang, Yan Zhang, Yao Zhang,
  Yi Zhang, Z. H. Zhang, Z. Y. Zhang, G. Zhao, J. Zhao, J. Y. Zhao, J. Z. Zhao,
  Lei Zhao, Ling Zhao, M. G. Zhao, Q. Zhao, S. J. Zhao, Y. B. Zhao, Y. X. Zhao,
  Z. G. Zhao, A. Zhemchugov, B. Zheng, J. P. Zheng, Y. Zheng, Y. H. Zheng, B.
  Zhong, C. Zhong, L. P. Zhou, Q. Zhou, X. Zhou, X. K. Zhou, X. R. Zhou, A. N.
  Zhu, J. Zhu, K. Zhu, K. J. Zhu, S. H. Zhu, W. J. Zhu, X. L. Zhu, Y. C. Zhu,
  Z. A. Zhu, B. S. Zou, J. H. Zou",1
"Alliance Innovation
  Lab Silicon Valley",1
"Alliance Innovation Lab Silicon
  Valley",1
"BIGR, INTS, Labex Gr-Ex",1
"IBM Research
  - Zurich",1
"LIRIS, LaBRI",1
"Imandra, Inc. and Clare Hall, Cambridge",1
Aarno Labs,1
for the AREDS2 Deep Learning Research Group,1
"IAV
  GmbH Ingenieurgesellschaft Auto und Verkehr, Germany",1
KBR Inc,1
Thomson Reuters Labs,1
"Science and Technology Facilities
  Council, UK Research and Innovation",1
Australian Research Data Commons,1
Gemini/NOIRLab,1
"TCS Research, TATA
  Consultancy Services, Kolkata, India",1
"The Chemours Company, USA",1
"Lab-STICC, ENSTA Bretagne, Brest, France",1
"Robex, Lab-STICC",1
"NPA,
  LINCS",1
"Pyrofex Corporation, Utah",1
"Western
  Research Company",1
Western Research Company,1
"Collab. of CeFEMA at IST, Lisbon, Portugal",1
"LPSM, FiME
  Lab",1
"EDF, FiME Lab, EDF R&D, EDF R&D OSIRIS",1
FINCA/Tuorla,1
SAP Security Research,1
NOVA-LINCS,1
LABISEN-VISION-AD,1
"Hitachi America Ltd.
  R&D",1
"Laborat\'orio de F\'isica
  Te\'orica e Computacional - LFTC - UCS/UNICID S\~ao Paulo, Brazil",1
"Laborat\'orio de F\'isica Te\'orica e Computacional - LFTC -
  UCS/UNICID- S\~ao Paulo, Brazil",1
"Technology Innovation Division, Panasonic Corporation",1
Wachtberg,1
"FINCA,
  Mets\""ahovi",1
"Geolab, Odessa, Ukraine",1
BBVA Research,1
"BBVA
  Research",1
"Lacey Solutions Ltd., Skerries, County Dublin,
  Ireland",1
"Wesleyan, NOIRLab",1
"FRONTlab,IM2A",1
M\'edialab,1
Wormpex AI Research,1
"CompuTherm LLC, Madison, WI, USA",1
JetBrains Research,1
"SPbSU,
  JetBrains Research",1
"SPbSU, JetBrains Research",1
"FINCA
  Turku, Aalto U",1
"ILLC, Amsterdam, The Netherlands",1
"ONERA, The French Aerospace Lab, France",1
"Taskforce on the extension of the
  Hadron Experimental Facility",1
"Bordeaux INP, LaBRI",1
Private research,1
"Fachhochsch., Julich and Dubna, JINR",1
"for the Progress
  through Calculus Research Team",1
Diamond Light Source Ltd,1
"Diamond Light
  Source Ltd",1
"SU, LINCS",1
"Toyota Central R&D Labs., Inc",1
"LaBRI, Bordeaux INP",1
"IDESP,
  PREMEDICAL",1
"Real-Time Systems Lab TU Darmstadt, Germany",1
"EDF R\&D
  OSIRIS, EDF R\&D, EDF, FiME Lab",1
"IMT Atlantique - INFO, Lab-STICC",1
"DI-ENS, LINCS, DYOGENE, ARGO",1
Origins Project Foundation,1
"ENIB, Lab-STICC",1
v,1
"HiePACS, LaBRI",1
"HiePACS,
  LaBRI",1
"Flowers, U2IS, IMT Atlantique - INFO,
  Lab-STICC_RAMBO",1
"Lab-STICC_RAMBO, IMT Atlantique - INFO,
  UBS",1
"IMT Atlantique - INFO, Lab-STICC_RAMBO",1
"UBS, Lab-STICC_RAMBO",1
Lab-STICC\_RAMBO,1
"UB, LaBRI",1
"Baruch
  Hashem Beseder Lab",1
"ConsenSys Software Inc, Australia",1
"for the HEP
  Software Foundation",1
"ENSTA Bretagne,
  Lab-STICC\_SHAKER",1
"ARM, Inc",1
"VVG
  Physics Consulting LLC",1
"Oracle Labs
  Vienna, Austria",1
"Oracle
  Labs Linz, Austria",1
Ericsson Research AI,1
"Ericsson
  Research AI",1
Robert Bosch GmbH,1
"Robert Bosch
  GmbH",1
MRC LLC,1
"NSF OIR
  Lab",1
"the
  Pooled Resource Open-Access ALS Clinical Trials Consortium",1
for the Rocket Lab Venus Team,1
Criteo AI Lab and Grenoble INP - UGA,1
"Canon,
  Inc., Japan",1
"Noirlab, USA",1
"IMT Atlantique
  - MEE, Lab-STICC\_OSE",1
"EDF R&D PRISME, SINCLAIR AI Lab, IMT",1
SenseTime Research,1
ONERA - The French Aerospace Lab,1
"ONERA - The French Aerospace
  Lab",1
"IMT Atlantique - INFO, Lab-STICC_MATHNET",1
"Skygrid, Inc",1
"Caltech, Princeton, Berkeley",1
"IMT Atlantique - INFO, Lab-STICC\_MATHNET",1
"EDF R&D PRISME, IMT, SINCLAIR AI
  Lab",1
"EDF R\&D PRISME, SINCLAIR AI Lab",1
"SINCLAIR AI Lab, EDF R\&D, DATAMOVE",1
"EDF R\&D, SINCLAIR AI Lab",1
Zhejiang Lab,1
"Lab-STICC\_OSE, IMT Atlantique - MEE, ENIB",1
Google Cloud AI Research,1
"for the HEP
  Software Foundation & IRIS-HEP",1
"BNPP CIB GM Lab, MICS",1
"EDF R\&D, FiME
  Lab",1
NVIDIA Research,1
"EDF R&D PRISME, IMT, SINCLAIR AI Lab, GdR MASCOT-NUM",1
"LLNL, Princeton",1
Snap Inc,1
"Snap
  Inc",1
Westchase Software Corporation,1
SCALab,1
"Oracle Labs, Netherlands",1
"Collab. of CeFEMA, IST, Lisbon, Portugal",1
AMI-Lab,1
"Lab-STICC_OSE, IMT Atlantique - MEE, ODYSSEY",1
"Lab-STICC\_COSYDE, IMT Atlantique - MEE",1
Meta Inc,1
"A. I. Research Lab, South Korea",1
"FiME Lab, EDF R&D OSIRIS",1
"Ericsson Research, Sweden",1
"Ericsson Research,
  Germany",1
"UWM, Princeton, IAS",1
"Masabi
  Ltd",1
DENSO ADAS Engineering Services GmbH,1
"AI Lab, Netease",1
"Edf
  R&D Prisme, Imt, Sinclair Ai Lab",1
"Edf R&D Prisme, Imt,
  Sinclair Ai Lab, Gdr Mascot-Num",1
"IUF, LaBRI,
  UB",1
Carnegie Obs/ Princeton U,1
"EDF R\&D, SINCLAIR AI Lab, DATAMOVE",1
"SINCLAIR
  AI Lab, EDF R\&D",1
UCincinnati,1
"Oracle Corp., Nashua,
  USA",1
"ODYSSEY, IMT Atlantique - MEE,
  Lab-STICC_OSE",1
"Convergent
  Research",1
"ASTRAVEO LLC, Gloucester, MA, USA, Applied
  Materials Inc",1
"Formal Methods and Tools lab, ISTI-CNR, Pisa, Italy",1
"Atix
  Labs (a Globant Division",1
"Lab-Sticc_decide, Ubs, Hes-So, Hes-So, Heig-Vd",1
"Lab-Sticc_decide,
  Lab-Sticc",1
"Airbus Central Research & Technology, Hein-Sass-Weg
  22, 21129 Hamburg, Germany",1
"Airbus Central Research &
  Technology, Hein-Sass-Weg 22, 21129 Hamburg, Germany",1
Johns Hopkins Applied Physics Lab,1
Beneficial AI Research,1
"CREM, LINCS",1
"U2IS,
  Flowers, IMT Atlantique - INFO, Lab-STICC_RAMBO",1
Netherlands Organisation for Applied Scientific Research,1
"DATAMOVE, SINCLAIR AI Lab, EDF R&D",1
for the GCOS Collaborators,1
"IPHC, IUF, ANTHROPO LAB",1
"EDF R&D PRISME, SINCLAIR AI Lab, LPSM (UMR_8001",1
"EDF R&D PRISME, IMT, SINCLAIR AI Lab, RT-UQ",1
"IPHC, ANTHROPO LAB, IUF",1
"LMPS, LTDS",1
ESTACA'Lab,1
"LEST, DySoLab",1
"LTDS, UCBL ISPB",1
Imandra Inc,1
"TNO -- Netherlands Organisation for Applied
  Scientific Research",1
"TNO -- Netherlands
  Organisation for Applied Scientific Research",1
Meta Reality Labs,1
"IFG, IFG-LAB",1
"Group Research and
  Development, DNV, H{}vik, Norway",1
"Thorlabs Vytran Europe, UK",1
"Astromanager LLC, USA",1
Algorix Convergence Research Office,1
"Quantinuum
  Ltd",1
"EDF R&D PRISME, SINCLAIR AI Lab",1
"EDF R&D PRISME, IMT, SINCLAIR AI Lab, GdR
  MASCOT-NUM",1
"Open Source Robotics
  Foundation",1
"UCBM, Neurorobotics Lab",1
"Prince Songkla
  U",1
"Taizhou Cancer
  Hospital",1
"Lab-STICC_RAMBO, U2IS, Flowers, IMT Atlantique - INFO",1
"Group Research and Development, DNV,
  H{}vik, Norway",1
Proto-Logic LLC,1
"Hydrogen Engineering Research Company, LLC
  (H-E-R-C, LLC",1
"Hydrogen
  Engineering Research Consortium (HERC",1
"PeopleTec Inc., USA",1
"IRAM, GIPSA-lab",1
"ONIRIS, LABERCA, INRAE",1
"ONIRIS,
  LABERCA, INRAE",1
"ONIRIS, LABERCA,
  INRAE",1
"for the ECFA
  Early-Career Researchers Panel, (1",1
Woodward L'Orange GmbH,1
"RMS,
  LINCS",1
"G2Elab-MAGE, G2ELab",1
"G2ELab, CSTB",1
NORILAB,1
"Curlvee TechnoLabs, Hyderabad, Telangana,
  India",1
Koucing centar Research Lab,1
"ENSTA Bretagne, Lab-STICC\_MATRIX",1
"CROSSING, ENSTA
  Bretagne, Lab-STICC\_MATRIX",1
"Lab-STICC\_RAMBO, IMT
  Atlantique - INFO",1
Photonic Inc,1
"LAMSADE, LINCS",1
Intuit Inc,1
"PREMEDICAL, UM",1
The Massachusetts General Hospital,1
"Mayo Clinic Florida Radiology, USA",1
"Mayo Clinic
  Florida Radiology, USA",1
"Defence
  Research and Development Organization, New Delhi, India",1
"NOIRLabs, HUJI",1
"UGA, Thoth, EDF R&D, FiME Lab",1
"EDF
  R&D, FiME Lab",1
Euclid Techlabs LLC,1
S-LAB,1
Lab-STICC_FHOOX,1
AUDIO LABS,1
Lunate PTE. LTD,1
"INSA Rennes, UR, IMT Atlantique, IETR, Lab-STICC\_CODES",1
"IMT Atlantique,
  Lab-STICC\_CODES",1
"LaBRI, SCRIME",1
Confirm Labs,1
DTU Nanolab,1
"EDF R\&D PRISME, IMT, SINCLAIR AI Lab",1
"RMS, LINCS",1
"LabHC, IMAGES, IDS",1
BIRTLab,1
"Bloks Technology Company, Shanghai, China",1
"IMT Atlantique - MEE, ODYSSEY, Lab-STICC\_OSE",1
"IMT
  Atlantique - MEE, Lab-STICC\_MATRIX",1
"IUF,
  INCIA",1
"Lab-STICC\_COMMEDIA, ENIB, Lab-STICC",1
Lab-STICC\_COMMEDIA,1
"Lab-STICC\_RAMBO, IMT Atlantique - INFO",1
Vincennes Saint Denis,1
NSF NOIRLab,1
ZheJiang Lab,1
Ii,1
"Independent Researcher, Embrace The Red",1
Shenzhen Eye Hospital,1
for the Pierre Auger Colllaboration,1
"PREMEDICAL, Sanofi Gentilly",1
"ISC-PIF,
  m\'edialab",1
MOLAB,1
"Lab-STICC\_OSE, IMT Atlantique - MEE, ODYSSEY",1
"Intel Labs, Oregon",1
"ENIB, Lab-STICC\_INUIT",1
Lab-STICC\_INUIT,1
"CISCO Research, USA",1
"RobotsMali AI4D Lab, Bamako, Mali",1
Nowa Lab,1
"ENSTA Bretagne, Lab-STICC,
  Lab-STICC_ROBEX",1
"IMT Atlantique - MEE, Lab-STICC\_COSYDE",1
"Independent Researcher,
  London, UK",1
"Independent Researcher, Bristol, UK",1
"Independent Researcher, London, UK",1
"Independent Researcher,
  Northampton, UK",1
"Particle
  Beam Lasers, Inc",1
Adobe Research,1
"Adobe
  Research",1
Tezmee Inc,1
XITASO GmbH and LMU Munich,1
"XITASO
  GmbH",1
XITASO GmbH,1
"Lab-STICC_RAMBO, U2IS,
  Flowers",1
Trillion Labs,1
"ARGO, LINCS",1
"GIPSA-VIBS, GIPSA-lab",1
"Independent Researcher, Australia",1
"Thoth, EDF R&D, FiME Lab",1
CTAO gGmbH,1
Intel Labs,1
CoW DAO Research,1
Rayonlabs Team,1
"IMT Atlantique - MEE, ODYSSEY, Lab-STICC_OSE",1
"ODYSSEY, IMT Atlantique - MEE, Lab-STICC_OSE",1
"IMT Atlantique - MEE, Lab-STICC_MATRIX",1
"IMRA America, Inc",1
"IMT Atlantique - MEE, Lab\_STICC\_BRAIn",1
"LAAS-MINC, INSA Toulouse",1
"LAAS-MINC, UT",1
G2Elab-MAGE,1
"Systems Research Division, BT Laboratories, Martlesham Heath, Ipswich,
  United Kingdom",1
"U.
  Wollongong",1
Indian Space Research Organization,1
Princeton/MIT Lincoln Lab,1
"Bell Labs, Lucent Technologies",1
"Lawrence Livermore
  Nat'l Lab",1
UCD/LLNL,1
Leiden/LLNL,1
UCB/LLNL,1
"Sterrewacht Leiden,
  The Netherlands",1
"IfA, Edinburgh; Princeton",1
"IAS, Princeton; U. Chicago",1
"LLNL, MPA",1
"LLNL, UPenn",1
Leiden and IGPP/LLNL,1
LLNL/UC Berkeley,1
LLNL/Cambridge,1
"IAS, Princeton
  NJ",1
STE-lab. Nagoya-U,1
"Space Research Organization
  Sorbonnelaan, Netherlands",1
SRON/Utrecht,1
U. of Alabama in Huntsville,1
"Therma-Wave, Inc; MIT",1
Space Research Organization Netherlands,1
"CFHT corporation, USA",1
Princeton/UCLA,1
"Princeton, Rutgers",1
"IBM Research Division, Yorktown
  Heights, NY",1
Princeton & Rutgers,1
Princeton & IAS,1
ANU Supercomputer Facility,1
"Princeton, Harvard-CfA",1
"Cavendish Labs, Cambridge
  UK",1
Utrecht/SRON,1
"UC, Davis - LLNL/IGPP",1
"UC, Davis -
  LLNL/IGPP",1
"SRON
  and Utrecht",1
UCLA/LLNL,1
"Rutgers, Princeton",1
"Princeton, NAOJ",1
"UCLLNL,
  USA",1
"U of Utrecht, The Netherlands",1
Schafer Corp,1
"Sterrewacht
  Leiden, The Netherlands",1
"Naval Research Lab, Code 7213",1
"Princeton and U.
  Catolica, Chile",1
"IGPP/LLNL, UC
  Davis",1
"IGPP/LLNL, UC Davis",1
Lucent Technologies' Bell Laboratories,1
"SRON, Utrecht, the Netherlands",1
Princeton and PUC,1
"Princeton
  U",1
"IAS
  Princeton",1
"Obs. do Valongo/UFRJ, Brazil",1
SGT Inc,1
IGPP/LLNL and UC Davis,1
"PNSensor GmbH, Munich, Germany",1
"UC Davis, LLNL",1
"Alabama, USA",1
"Princeton, UC Berkeley",1
"U.
  Alabama, Huntsville, AL, USA",1
"SRON, Utrecht, the
  Netherlands",1
"Sterrewacht Leiden / NFRA, Dwingeloo",1
UPenn/Princeton,1
"EOS, Inc",1
PUC/Princeton,1
Harvard/Princeton,1
"SRON,
  Utrecht, the Netherlands",1
"Illinois, Princeton, and PUC",1
UC Davis & LLNL,1
"Princeton, York",1
"Lockheed
  Martin Space Corporation",1
"SRON
  Utrecht, the Netherlands",1
"NOAO, Brandenburg GmbH",1
Eureka Scientific Corporation,1
SRON - Utrecht,1
"SGT,
  Inc",1
Cadence Design Systems Inc,1
UC Berkeley/Princeton,1
"LLNL, UCB",1
"SRON, Utrecht, CfA",1
"1 - IAS, 2 -
  Princeton, 3 - Johns Hopkins, 4 - UArizona",1
STScI/INAF-Roma/Supernova Ltd,1
4 - Optical Research Associates,1
McKinsey & Company,1
OCIW & Princeton,1
"eta max space GmbH, Germany",1
"Aerospace
  Corporation",1
MAW Technology Pty Ltd,1
"U.
  Alabama, Tuscaloosa, USA",1
HESS collab,1
U. California and LLNL,1
"SRON Utrecht, the Netherlands",1
"Carnegie Observatories, Princeton",1
"Lunar and Planetary Lab, U. of
  Arizona",1
Amsterdam/SRON/Utrecht,1
"CfPA, UC Berkeley, and IGPP, LLNL",1
"Sterrewacht Leiden, CfA",1
Princeton Obs,1
MSSSO and LLNL,1
"AT&T Bell Labs, Murray Hill, NJ",1
Princeton and Maryland,1
"U. Amsterdam, U. Alabama",1
Princeton and BAO,1
"Princeton U., UMD",1
Waters Corp,1
Sterrewacht Leiden and MPA-Garching,1
UC/LLNL,1
"Space Research Organisation of the Netherlands, Utrecht",1
"IAP, Sterrewacht Leiden",1
Princeton and SUNY Stony Brook,1
Eureka Scientific Inc,1
"SAO, Princeton",1
"Kapteyn Lab, Groningen, the Netherlands",1
U. Wisconsin and Princeton,1
"U. Amsterdam & U.
  Alabama",1
"Utrecht, The Netherlands",1
"Utrecht, NL",1
"Space Sciences Lab, UC Berkeley",1
"SRON, Utrecht,
  Netherlands",1
"Nat'l Tsing Hua U, Hsinchu, Taiwan",1
Sterrewacht Leiden and JACH,1
Utrecht/Leiden,1
"Extrasolar
  Research Corporation",1
"UC
  Davis/LLNL",1
Jet Propulsion Lab,1
LLNL/UC-DAVIS,1
Arizona/Cincinnati,1
U Alabama,1
"Sterrewacht Leiden, Leiden, The Netherlands",1
SIU Utrecht,1
"SRON, Utrecht, The Netherlands",1
"Orbital
  Sciences Corp",1
UCD & IGPP/LLNL,1
"Sterrewacht Leiden; JAC
  Hawaii",1
"Sterrewacht Leiden and DASGAL,
  Obs. de Paris",1
"IGPP/LLNL, Uc Berkeley",1
"IGPP/LLNL,STSCI",1
Wollongong/CfA,1
"Sterrewacht
  Leiden, NL",1
"1. SRON, Utrecht; 2.AIP, Potsdam; 3. IAS, Rome",1
Princeton/MIT LL,1
Cold Spring Harbor Lab,1
"Cambridge Hydrodynamics, Inc., Princeton",1
IBM Research Divison,1
"ATT Bell
  Laboratories, New-Jersey, U.S.A",1
"Kernel Knowledge, Ltd.,
  Technion City, Haifa, Israel",1
"Princeton, Bologna",1
"Laboratori Nazionali del Sud, Catania,
  Italy",1
"Mitsubishi
  Electric Research Laboratories",1
"AT&T Bell Laboratories, Murray Hill, NJ 07974, USA",1
"AT&T Bell Laboratories, Murray Hill,
  NJ",1
Telia Research AB,1
Digital Equipment Corporation,1
"Mitsubishi Electric Research Laboratories,
  Cambridge, Mass",1
Sharp Laboratories of Europe Ltd,1
Sharp Laboratories of Europe,1
"ATR
  Interpreting Telecommunications Research Labs",1
"ARL, Hitachi, Ltd",1
Hewlett Packard Laboratories,1
"DFKI GmbH, Saarbr\""ucken,
  Germany",1
AT\&T Bell Laboratories,1
"C&C Res. Labs.,NEC",1
"Thomson
  Technical Labs, Rockville Maryland",1
"Mitsubishi Electric Research
  Laboratories",1
"Bell Laboratories, Lucent Technologies, Murray Hill, NJ",1
"C&C Res. Labs., NEC Corporation",1
"Daimler Benz
  Research and Technology",1
AT&T Laboratories,1
Fujitsu Software Corporation,1
ATT Labs - Research,1
"C&C Res. Labs., NEC",1
Telia Research,1
"Telia
  Research",1
ATT Labs Research,1
Sony Corporation,1
"MITRE
  Corporation",1
Mitre Corporation,1
"Fujitsu America, Inc",1
Advanced Projects Research Incorporated,1
Thinking Machines Corp,1
Radex Corporation,1
"Schlumberger
  Cambridge Research",1
Schlumberger Research,1
"UNBC, Prince George",1
"UNBC, Prince George Canada",1
Rutherford Appelton Lab,1
Cavendish Lab Cambridge,1
"NTT Basic
  Research Labs",1
"ITP,Utrecht",1
"Politecnico di
  Milano, Pza Leonardo Da Vinci 1, Milano, Italy",1
"MI, Utrecht",1
"Seiko Epson Corporation, Japan",1
Hewlett Packard Labs,1
"Telephia Inc., San Francisco",1
"Oak
  Ridge Natl Lab",1
"Risoe
  Natl Lab",1
"Laboratorio de Fisica Estadistica de Sistemas
  Desordenados, Centro de Fisica, IVIC, Caracas, Venezuela",1
"Toyota Central R&D Labs., Inc., Nagakute, Japan",1
"The
  MathWorks, Inc",1
"Bell Labs, Lucent
  Technologies, (1",1
3x Utrecht,1
"Gene Network Sciences, Inc",1
"Energy Research Unit, Jadavpur, Calcutta, India",1
"NTT Basic Research Laboratories,
  Japan",1
"Physical Sciences Research Laboratories, Motorola Labs, Tempe,
  Arizona",1
"Microsoft Research, Redmond WA, USA",1
"Industrial Research Limited, Lower
  Hutt, New Zealand",1
Seagate Research,1
Oak Ridge Nat. Lab,1
Compugen Ltd,1
INCOATEC,1
"CSFB Ltd., UK",1
"Laboratorio de Fisicoquimica, Bahia Blanca",1
"Gemeinschaftslabor fuer Elektronenmikroskopie, RWTH Aachen,
  Aachen, Germany",1
HASYLAB,1
ITP Utrecht,1
"AT & T Bell Laboratories, Murray Hill, N.J",1
"AT\&T Bell Laboratories, Murray Hill, NJ",1
"AT&T Bell Laboratories,
  Murray Hill, NJ",1
"AT& T Bell Laboratories, Murray Hill, New Jersey",1
"AT&T Bell Labs and U. of
  Chicago",1
"AT\&T Bell Labs, Murray Hill, NJ",1
"A.T.& T. Bell Laboratories, 600 Mountain Avenue, Murray
  Hill, N. J.USA",1
"AT&T Bell
  Laboratories, Murray Hill, NJ",1
"AT&T Bell Labs, Muray Hill, NJ- USA",1
"European Synchrotron Radiation Facility, Grenoble",1
NEC Fundamental Research Laboratories,1
"Labo. Proba., Paris France",1
"Henri Poincare, Nancy I",1
Exxon Research and Engineering,1
"NEC, Princeton",1
"CRTBT, Grenoble and NECI, Princeton",1
"Philips Research Laboratories, Netherlands",1
"AT&T Bell Laboratories, Murray Hill, NJ, U.S.A",1
"Bell
  Laboratories",1
"Bell Labs, USA",1
Cray Research Switzerland,1
"Daresbury Laboratories, Warrington, England",1
"Bell
  Laboratories, Lucent Technologies, Murray Hill, U.S.A",1
"European Synchrotron
  Radiation Facility, Grenoble, France",1
"Research
  Group of Statistical Physics, Budapest",1
"CREST, Japan Science and Technology Corporation",1
CuraGen Corporation,1
"Molecular Simulations Inc., San Diego, CA",1
"Labortoire de Physique quantique, Toulouse, France",1
"Lucent Technologies, Bell Laboratories",1
Dupont Central Research and Development,1
IAS and Princeton,1
STI-Inc,1
"CREST, Japan Science and
  Technology Corporation",1
"Laboratorio de Mecatronica, DEEC,
  IST, Portugal",1
STI Inc,1
"Lucent Technology, Bell Labs",1
Bogoliubov Lab JINR,1
"First Principles Research Inc., Los Angeles, CA",1
"Unilever Research
  India",1
"Computer Network
  Services Inc., Denville, NJ",1
"Philips Research, The Netherlands",1
"IBM Research
  Division Zurich",1
Japan Science and Technology Corporation,1
"U. of Utrecht, Netherlands",1
"Lucent Technologies, Bell Labs",1
Stowe Research,1
Intel Research,1
"Philips Research
  Laboratories, Eindhoven, Netherlands",1
"Ericsson Research, Montreal, Canada",1
"INRIA Futurs, LaBRI",1
Bell Labs - Lucent Technologies,1
Academic Systems Corp,1
"Chairperson, LIGO Research Community",1
Princeton U. and U of Maryland,1
Yamaha Corporation,1
for Belle collabolation,1
BES Collab,1
CLEO Collab,1
for the E852 collaboaration,1
The WA91 Collaboratio,1
Labortatoire de l'Accelerateur Lineaire - Orsay - France,1
FNAL E789 Collabration,1
GWU and Jlab,1
NBI and ITP Utrecht,1
"CCRLE St.Augustin, NEC Europe Ltd",1
"ITP,U. Utrecht,The
  Netherlands",1
NCCU/JLab,1
NCCU and Jefferson Lab,1
"I. A. S., Princeton",1
"ITP,U. Utrecht and
  KVI, Groningen, The Netherlands",1
Rutherford-Appleton Lab,1
"Bogoliubov lab. of Theoretical
  Physics,JINR, Dubna",1
"CCAST, World Lab, Beijing",1
"Bell Lab,
  NJ",1
"U. Utrecht and
  Groningen, The Netherlands",1
"U. Utrecht, The Netherlands",1
"Jefferson Lab, Newport News, USA and ITEP, Moscow,
  Russia",1
"U. Utrecht and Groningen, The Netherlands",1
"Kellogg Radiation Lab, Caltech",1
Rutherford Appleton Lab and Oxford,1
"ITEP, Moscow and Jefferson Lab, USA",1
"U.
  Utrecht, U. Groningen and U. Maryland",1
U. of Rochster,1
NIKHEF and Utrecht,1
"LLNL,
  Livermore, CA",1
"Cavendish Lab, Cambridge U",1
UNSW & IAS Princeton,1
"PNPI, JLab",1
"JLab &
  UMass",1
Jefferson Lab and NORDITA and St. Petersburg NPI,1
Cornell & IAS Princeton,1
"Cornell
  U. & IAS, Princeton",1
"U. Mass, Amherst & JLab",1
"William-Mary
  Coll. & JLab",1
William-Mary Coll. & JLab,1
William-Mary Coll./JLab,1
Duke U. and Jefferson Lab,1
William and Mary and JLab,1
"some macros left out are included, this should LateX
  properly",1
"IAS, Princeton and U. Maryland",1
"Cavendish Lab, Cambridge",1
SerCon Corp,1
North Carolina Central & JLAB,1
"Jefferson Lab, Newport News, VA, USA",1
"Knowledge Adventure Inc., Glendale, CA",1
Princeton/MIT,1
Cincinatti,1
NCCU and JLab,1
Princeton and ITP Santa Barbara,1
"XonTech Corporation, CA",1
Old Dominion U. & Jefferson Lab,1
"Spinoza, Utrecht",1
Neuchatel and Princeton U,1
"HRI, Allahabad and IAS, Princeton",1
"Paris U., VI-VII & Aachen, Tech. Hochschul",1
"Theor.Phys.Lab, ITB, Indonesia",1
"BITP,
  Kyiv & Princeton U",1
"Research Ins. for Particle and Nucl.
  Phys, Budapest",1
A.Friedmann Theor. Phys. Lab & FRC/IRH,1
"Xilinx, Inc",1
"Inchon, Korea",1
Hewlett-Packard Research,1
EPFL -- CVLAB,1
"INCO, UdelaR",1
LABOMATH,1
Toronto Hospital for Sick Kids,1
"Philips Research Laboratories, The Netherlands",1
EMC Corp,1
"Laboratorio de
  Mecatronica, IST, Lisbon",1
"Qualcomm
  Inc",1
"CeLight Inc., Tech Road, Silver Spring, Maryland, USA",1
I.N.F.N. and Laboratorio Nazionale del SUD,1
for the MAX-lab Nuclear Physics Working Group,1
MAX-lab Nuclear Physics Working Group,1
"Lab for Nuclear Science, M.I.T.,
  Cambridge, MA, U.S.A",1
Jlab and U. Maryland,1
Cincinnati U. & Minnesota U,1
"UPitt &
  JLab",1
"UPittsburgh, JLab",1
MSU&LLNL,1
"JLab
  & Maryland U",1
Maryland U. & JLab,1
W&M/JLab,1
"Chalk River
  Labs",1
"Darmstadt, Tech. Hochsch",1
NC Central U. and JLab,1
General Sciences Corporation,1
"Laboratorio Nazionale del Sud, Catania",1
"Laboratorio
  Nazionale del Sud, Catania",1
General Sciences Corp,1
"AT&T Bell Laboratories, Murray Hill, NJ, 07974",1
ATT Bell Laboratories,1
http://www.bgu.ac.il/BIDR/research/staff/meron.html,1
Exxon Corporate Research,1
Claerstreams Inc,1
"Laboratorio de Fisica de Sistemas Pequenos
  y Nanotecnologia, CSIC, Madrid",1
The-Origin Foundation Inc,1
"Jefferson Lab, Newport News, VA USA",1
"Global Foundation, Inc., Coral Gables, Florida",1
"PRI Res. & Dev. Corp., Kirkland, WA USA",1
"DULY Research
  Inc",1
Mission Research Corporation,1
"FARTECH, Inc., San Diego, CA",1
Exa Corporation,1
Quantum Fields LLC,1
"Forward
  Unlimited LLC",1
TechSource,1
Norwegian Defence Research Establishment,1
Starlab,1
"Sarnoff
  Corporation",1
"Tech-X Corporation,
  Boulder, CO",1
"Schlumberger Cambridge Research, UK",1
"The Boeing Company,
  Seattle, WA",1
"Laboratorio de Mecatronica,
  DEEC, IST, Lisboa, Portugal",1
"The Aerospace Corporation, CA, USA",1
Van Meter Corporation,1
Insitute for Nuclear Research RAS,1
Matrox Graphics Inc,1
"Melbourne, and Utrecht",1
"Medical Collge of
  Wisconsin",1
INCMI,1
Goldman Sachs,1
Toshiba Corp,1
"MagiQ Technologies, Inc., New York, NY",1
"MagiQ Technologies,
  Inc",1
"MagiQ Technologies, Inc., New York",1
"Hewlett
  Packard Labs, Bristol",1
"HP Labs, Bristol",1
AT&T Labs Research and MIT,1
"Utrecht, Eurandom",1
"Tripos Receptor Research Ltd., UK",1
"Bell Labs, Lucent",1
Mitsubishi Electric Corporation,1
"Cavendish Lab, Cambridge, England",1
"H.P. Laboratories, Bristol",1
"AT&T
  Research",1
"Hewlett-Packard Labs, Bristol, UK",1
Bell labs,1
Defense Research Establishment Valcartier,1
"Fundamental Res.
  Labs., NEC Corporation, Japan",1
"MagiQ Technologies, Inc., New York, New York",1
"MagiQ Technologies Inc., New York, New York",1
"Wolfram
  Research, Inc",1
